run_id,R_a,R_b,R_c,DG1_PWM1,DG1_PWM2,DG1_PWM3,DG1_PWM4,DG1_PWM5,DG1_PWM6,DG2_PWM1,DG2_PWM2,DG2_PWM3,DG2_PWM4,DG2_PWM5,DG2_PWM6,V1_a,V1_b,V1_c,I1_a,I1_b,I1_c,V2_a,V2_b,V2_c,I2_a,I2_b,I2_c,I1mean_a,I1mean_b,I1mean_c,I2mean_a,I2mean_b,I2mean_c,V1f_a,V1f_b,V1f_c,I1f_a,I1f_b,I1f_c,V2f_a,V2f_b,V2f_c,I2f_a,I2f_b,I2f_c,V1ang_a,V1ang_b,V1ang_c,I1ang_a,I1ang_b,I1ang_c,V2ang_a,V2ang_b,V2ang_c,I2ang_a,I2ang_b,I2ang_c,f1,f2,P1,P2,Q1,Q2,wall_s,ok
148,20,32,32,1,1,1,1,1,1,1,1,1,1,1,1,208.4026056,228.3339655,254.1364546,6.06537637,4.195038746,4.709321171,209.3236678,228.9149524,254.9005839,5.66061155,4.392153442,4.821781855,0.0003352743077,0.005293091197,-0.00557707249,-0.0002398953484,-0.00563110065,0.005917756151,208.3988281,228.3345117,254.1382446,6.065000041,4.19472329,4.70903452,209.3198707,228.9155127,254.902375,5.660229827,4.391872753,4.821513377,0,-130.8898698,118.1663694,-2.223264548,-135.5388668,118.6671163,0.1200378157,-130.7885481,118.2359821,2.036395778,-126.6406987,117.4683113,49.98292058,49.98292923,3419.854676,3409.976505,83.49694669,-129.4540485,31.8274987,1
149,20,32,32,1,1,1,1,1,1,0,1,1,1,1,1,208.1737806,227.7285248,254.914158,10.19678055,11.19093332,7.063638019,208.9609355,226.5897385,257.3611121,4.163328016,10.09296965,11.38593133,1.85503217,-8.379987901,6.525003683,-1.832264774,8.415874268,-6.58355682,208.1690121,227.728379,254.9129439,9.890543768,7.199514081,1.701854946,208.954142,226.5691147,257.3402544,3.353161423,5.278963577,9.046565721,0,-130.6082837,118.3001429,14.7045451,-168.7942108,-174.7747965,-0.4048134021,-130.3252368,118.5588357,-50.22520069,-73.35875224,108.3187935,49.98279473,49.98279356,3444.691801,3437.317854,79.36549062,-131.1303174,4.5831038,1
150,20,32,32,1,1,1,1,1,1,1,0,1,1,1,1,208.1750067,227.7265403,254.9126667,10.19033397,11.17178856,7.029018858,208.9625141,226.5962499,257.3648634,4.169636716,10.06907861,11.36251146,-1.860621959,8.356534632,-6.495872878,1.838277353,-8.393093903,6.554858578,208.1702699,227.7263838,254.911507,9.881506581,7.202352106,1.690893341,208.9558251,226.5756298,257.3441078,3.353719913,5.277781458,9.042399563,0,-130.6086304,118.3009412,14.68366849,-168.7820434,-175.0072318,-0.4035636802,-130.3239567,118.5589506,-50.05768041,-73.32678636,108.3968096,49.98279451,49.98279524,3446.746707,3434.943653,80.15187232,-131.9688669,4.3354251,1
151,20,32,32,1,1,1,1,1,1,1,1,0,1,1,1,208.9489096,228.2495403,253.8834077,6.530789933,7.609099962,9.944912154,211.4043916,229.0247825,253.248037,11.08720588,3.875080488,9.344407474,5.68239794,1.661606006,-7.343974611,-5.74229441,-1.641264929,7.383589663,208.9437099,228.2486101,253.8841919,2.810495626,7.284641069,6.585756683,211.3838675,229.0228987,253.2339242,9.352905813,3.199623066,5.587180258,0,-131.0837615,118.2852133,26.94558994,-109.9209444,83.14768589,0.3097149838,-131.4056244,118.5568153,-7.916862125,172.5353822,160.8511199,49.98279728,49.9827949,3445.405664,3435.709326,75.54829456,-137.0364553,3.9492845,1
152,20,32,32,1,1,1,1,1,1,1,1,1,0,1,1,208.9517412,228.2449463,253.8876768,6.536601251,7.610689576,9.940819263,211.4087128,229.0160959,253.2521809,11.08377691,3.869729233,9.3458899,-5.682930922,-1.660790319,7.3437678,5.743149854,1.639668582,-7.382772474,208.9465468,228.2440142,253.8884522,2.820999912,7.287609709,6.577465636,211.3881258,229.0143352,253.2380984,9.347802591,3.196246093,5.587053627,0,-131.0830112,118.2868514,27.06252675,-109.9415097,83.16751366,0.3087744417,-131.4055405,118.5590029,-7.982703162,172.4908862,160.7644441,49.98279657,49.98279592,3444.489578,3436.80673,74.98693797,-136.4236541,4.3035335,1
153,20,32,32,1,1,1,1,1,1,1,1,1,1,0,1,208.0488353,229.0701757,253.837296,11.63344341,6.531920759,8.570708154,207.3829708,231.0003821,254.7336272,10.24998898,10.79390165,4.31241796,-7.957063608,6.294625954,1.662474383,8.000094287,-6.351860027,-1.64819926,208.044649,229.0676467,253.8380099,8.330539429,0.06821077723,8.268031044,207.3599236,230.9785895,254.73292,6.201092227,8.550279441,3.679128672,0,-130.9170235,117.9061444,-30.89109105,-88.66118982,140.1340899,0.3476517595,-130.5166592,117.5636663,43.23981775,-131.197494,58.49443997,49.98282026,49.98281351,3439.910515,3433.095615,73.25122977,-137.3634734,3.944049,1
154,20,32,32,1,1,1,1,1,1,1,1,1,1,1,0,208.0439157,229.0694699,253.8373962,11.64379504,6.552973537,8.567534765,207.3804117,231.0017706,254.7370665,10.2756617,10.8134496,4.318426093,7.975427851,-6.311410634,-1.66396735,-8.018749826,6.368203241,1.650581804,208.0397675,229.0669251,253.8380967,8.321747003,0.06271626265,8.261290557,207.3571753,230.9798037,254.7363757,6.2117336,8.558445957,3.678408832,0,-130.9158867,117.9054434,-30.95139457,-83.34192476,140.1213173,0.3477774086,-130.5149836,117.563227,43.18554584,-131.1987096,58.60223562,49.98281573,49.9828178,3441.040928,3431.986383,74.25648112,-138.3432565,3.8330094,1
155,20,32,32,0,1,1,1,1,1,1,1,1,1,1,1,207.9158456,226.0373103,256.6207445,4.355247846,9.925917213,11.19198608,209.1535314,228.2422694,255.6304323,10.0725065,10.80414413,7.075933205,-1.940277775,8.408490314,-6.468157582,1.945348658,-8.321866611,6.376570961,207.90919,226.0160555,256.6007289,3.519189029,4.977188458,8.850884192,209.1486546,228.2419597,255.6296105,9.743343821,6.667503205,2.104975895,0,-129.8550329,118.9049217,-48.97732807,-78.36864079,106.4778336,0.6381516638,-129.9783481,118.8232899,15.806268,-165.8094823,-178.2192186,49.9827967,49.98280077,3445.101078,3435.325873,85.21563092,-129.8869584,3.9668531,1
156,20,32,32,0,1,1,1,1,1,0,1,1,1,1,1,222.8201533,377.5777466,309.5491525,12.07373841,21.44553337,21.67008855,228.5604542,379.165403,313.2935298,15.42938041,18.31902409,22.5786756,0.9996330414,18.26606255,-19.26565152,-7.773804332,-9.023117336,16.79670763,151.5042656,269.5479314,271.6075229,4.820486168,6.40833605,7.0105506,154.8611365,274.29514,276.4950224,9.329144173,13.946153,13.78312,0,-121.9207147,101.3876285,83.25831103,-9.158616437,-154.0634198,0.01665673328,-121.7201465,101.5023409,-30.98448937,-146.9858669,71.8764362,49.9671082,49.9724709,6075.780085,6027.448419,409.724854,-798.2351973,3.8986602,1
157,20,32,32,0,1,1,1,1,1,1,0,1,1,1,1,208.0950712,223.2968371,258.7810783,8.960315084,33.24072103,27.4270283,209.1543301,223.8153176,259.4923194,8.922218547,33.09852247,27.40877736,-5.832103566,31.1113819,-25.27926859,5.805482444,-31.01802321,25.21255537,207.9805033,223.1691777,258.648209,5.858580613,4.367856795,4.703136432,209.0295903,223.6838965,259.3590648,5.837282311,4.010928306,5.00565832,0,-129.0643958,119.7294175,0.003505592309,-132.1136772,116.8409379,0.1178892882,-128.9939939,119.8243018,-0.3326043434,-125.9705071,122.2520604,49.98160703,49.98158324,3682.788532,3678.019243,137.3899295,-74.85692477,3.9350571,1
158,20,32,32,0,1,1,1,1,1,1,1,0,1,1,1,204.1399753,226.1138213,261.0887346,30.48194325,67.62559614,70.52371472,213.2014271,224.3812274,256.0457818,36.513897,65.55385617,70.22346825,0.8981796108,45.29995233,-46.19813405,-1.058516699,-44.83846565,45.89700787,203.7236824,223.8344569,259.2269853,13.87919288,18.15371313,17.50553024,212.3205712,224.2091963,255.3726487,24.06026994,11.81310857,18.89829583,0,-128.0581924,119.1382738,142.1022184,-97.34166854,36.56698461,0.8533226537,-129.6049598,120.5080411,-20.62160207,104.3958281,-173.8582247,49.97534623,49.97575272,4908.073542,4736.007962,391.6481923,-2.34658576,3.8480705,1
159,20,32,32,0,1,1,1,1,1,1,1,1,0,1,1,209.3193912,226.8347108,254.8867648,8.989252658,7.94646466,11.77051565,212.0339097,227.5721172,254.1915269,13.1102672,3.759656448,11.44169802,-8.098756411,-1.192017307,9.290788014,8.183900819,1.188505979,-9.372402406,209.2868073,226.8212986,254.8739247,2.649891265,7.702302553,6.74694373,211.9564206,227.555547,254.1390871,9.825557302,3.207476426,6.038042481,0,-130.7633478,118.7697763,37.50805776,-108.9120465,79.713365,0.3141865892,-131.1360041,119.0812434,-9.529873525,164.3752069,163.4008557,49.98275318,49.98269615,3444.59042,3465.988685,79.1915426,-132.8141346,5.1908265,1
160,20,32,32,0,1,1,1,1,1,1,1,1,1,0,1,204.2058069,229.0882949,256.9478455,66.69074762,71.92275574,37.31580605,208.9262721,236.8639575,249.7137226,69.26254312,72.28891787,32.2988462,-45.87650639,47.53377898,-1.657227483,46.10299774,-47.60334311,1.50039076,204.0776506,228.298933,256.0853363,10.91264449,17.88835266,23.25325015,206.5216621,234.5671482,249.2338764,20.58287541,18.0228838,14.77325369,0,-129.2864487,117.837335,-133.3799058,-52.74467528,96.30277991,1.926648919,-130.4428268,117.2456957,22.9125838,155.1064963,-97.09750467,49.97522659,49.97514704,4899.515183,4939.596897,241.1729177,166.0007877,7.0121756,1
161,20,32,32,0,1,1,1,1,1,1,1,1,1,1,0,206.7702705,226.615492,257.1189023,4.056624765,11.93487068,13.15399177,208.0722849,228.9265067,255.9460729,10.3723581,12.64367921,9.533839113,-1.516706804,10.16407157,-8.647314953,1.499616659,-10.02588749,8.526325889,206.7419575,226.5463657,257.0325995,3.355320441,5.298404425,9.182062315,208.0525875,228.9105148,255.9134568,10.12651018,6.950720022,2.170836585,0,-129.5220146,118.6421694,-55.88027609,-75.09165006,105.4569853,0.6857774898,-129.6734636,118.5531994,15.93351232,-168.0660662,-169.5482621,49.98278127,49.98272798,3452.834775,3444.834813,85.0055134,-131.1745963,3.9527146,1
162,20,32,32,1,0,1,1,1,1,1,1,1,1,1,1,207.9171165,226.0446102,256.6182529,4.361087598,9.918716725,11.18259407,209.1537131,228.2477952,255.6276043,10.07028608,10.81952727,7.070147512,1.942671026,-8.404786369,6.462161994,-1.947416946,8.317439816,-6.369970145,207.9104235,226.023279,256.5981915,3.521656388,4.961367336,8.837960531,209.1488292,228.2474617,255.6268275,9.739437169,6.691548576,2.080777967,0,-129.8566968,118.9032006,-48.92502532,-78.10250261,106.6609926,0.6379628659,-129.9799204,118.8216654,15.81114819,-165.6831728,-178.7622061,49.98281059,49.98278614,3442.867006,3437.712203,84.86811241,-129.5264977,3.9198258,1
163,20,32,32,1,0,1,1,1,1,0,1,1,1,1,1,208.091072,223.297059,258.7750935,8.960443232,33.28955656,27.47172038,209.150663,223.8238222,259.508381,8.923727409,33.1497216,27.46224613,5.832140869,-31.15043825,25.31833176,-5.805888072,31.05737512,-25.25145584,207.9757211,223.168926,258.6418077,5.857503443,4.361148487,4.678512441,209.0259062,223.6916248,259.3741988,5.838129496,4.020000126,5.03027348,0,-129.0651554,119.7279103,0.03094615504,-132.3840829,116.8313931,0.1175438495,-128.9900879,119.8226772,-0.3602873345,-125.6874419,122.2314441,49.9816157,49.98158077,3684.543238,3676.717122,139.4409805,-76.85938106,3.8437036,1
164,20,32,32,1,0,1,1,1,1,1,0,1,1,1,1,223.0134642,377.7836101,309.5683653,13.58550112,19.12448592,20.61439067,227.8717939,379.2243284,312.2181953,17.27581325,18.5657338,22.28927584,-1.198531297,-10.96420665,12.16247177,7.980383384,1.705554057,-9.686172931,151.5642326,269.8385855,271.939506,3.816950184,3.766595195,3.234474159,154.7268099,272.9582024,274.9964724,9.208378855,11.08000299,11.41923961,0,-121.8734607,101.394849,87.24040814,-27.64434295,-155.0539867,0.1885155114,-121.7207489,101.6869816,-24.51742763,-141.7251881,85.4245354,49.98110302,49.95815634,4854.326933,7247.65166,229.7702722,-636.6137937,4.3338864,1
165,20,32,32,1,0,1,1,1,1,1,1,0,1,1,1,209.215795,227.0585747,254.7647352,8.410149575,7.944773914,11.41899544,211.8391994,227.7886298,253.9787431,12.59348344,3.650254472,10.87905704,7.715526875,1.152430705,-8.867870589,-7.793332765,-1.148401555,8.94182737,209.2022197,227.0540806,254.7583599,2.659919001,7.749695528,6.917504979,211.7901035,227.7839264,253.9401932,9.679495114,3.201945314,5.883975898,0,-130.7958938,118.6896977,33.42579285,-108.9960148,80.74376197,0.3226501589,-131.1716097,118.9883077,-8.784968308,163.6429961,164.8451142,49.9827454,49.9827353,3456.334765,3447.306713,73.90461639,-129.2769331,4.5779383,1
166,20,32,32,1,0,1,1,1,1,1,1,1,0,1,1,203.8879681,226.0213076,261.2516899,31.38822451,69.62984988,72.54471819,213.0918988,224.081433,255.9040494,37.33110152,67.51692191,72.20780251,-0.9082159386,-46.52741565,47.43583022,1.075734262,46.0510986,-47.12664449,203.4261982,223.6125785,259.3076517,14.17593084,18.71194808,17.90506557,212.154699,223.9059792,255.2031026,24.29578575,12.30668442,19.22615769,0,-127.9463933,119.1582074,141.6432199,-97.52828536,36.70812704,0.8796005567,-129.5528903,120.5612554,-21.09038335,103.1002968,-173.1347088,49.97498799,49.97500388,4994.001068,4980.394105,412.2030709,52.81214473,4.0365975,1
167,20,32,32,1,0,1,1,1,1,1,1,1,1,0,1,206.7726372,226.6437059,257.068899,3.988989201,12.31859244,13.52805863,208.0980759,228.9637934,255.9382809,10.44021369,13.06810055,10.15264939,1.449170341,-10.23216193,8.783002851,-1.433937327,10.09247393,-8.658508608,206.7420331,226.5669414,256.9725262,3.30760435,5.189338908,9.04907664,208.0775681,228.9479276,255.9031394,10.20632114,7.001668762,2.209224381,0,-129.5402867,118.6329493,-57.05263381,-74.4963753,105.3011952,0.6913944038,-129.6781301,118.5519479,15.79574736,-167.1580457,-172.8969772,49.98276712,49.98270487,3451.431859,3454.391996,93.4663007,-139.7151147,4.0359865,1
168,20,32,32,1,0,1,1,1,1,1,1,1,1,1,0,204.3120567,229.0901404,257.0236188,65.7541163,70.78995186,36.56692104,208.9087594,236.7205902,249.8217943,68.30551201,71.16610388,31.47836355,45.30481097,-46.81286738,1.508100312,-45.52627892,46.88022275,-1.353893078,204.1845371,228.3109695,256.1783342,10.66579718,17.72243047,23.04872805,206.5649949,234.4697808,249.3586696,20.29510428,17.90068311,14.51481921,0,-129.2876851,117.8562115,-132.5117913,-52.57783445,96.92917694,1.895038588,-130.4435505,117.2646503,23.03682666,155.4962893,-96.3386477,49.97563893,49.97519975,4774.562047,4930.858627,213.3860974,165.2050124,4.1911843,1
169,20,32,32,1,1,0,1,1,1,1,1,1,1,1,1,210.2275663,228.2662303,252.8631064,10.77445853,3.830919156,8.726007804,209.735782,228.7896937,254.8097503,6.06830037,7.721650644,9.091539068,-5.098961328,-1.516158455,6.615131998,5.005220011,1.53115653,-6.536354313,210.2128719,228.2649513,252.8512476,9.393193181,3.285044056,5.608757491,209.7313289,228.7885183,254.8103598,3.155034417,7.465057861,6.245677533,0,-131.616335,118.3394975,-11.3738824,168.5477975,157.298815,-0.01994662509,-131.1321889,118.2058757,34.8328691,-109.2221243,83.68508256,49.98281544,49.98280535,3441.711067,3433.94091,77.22835384,-135.9509892,3.9158728,1
170,20,32,32,1,1,0,1,1,1,0,1,1,1,1,1,211.0020342,225.9672332,255.4733405,23.40781632,42.40762728,44.72618183,207.277857,226.7558537,259.6403556,16.45294623,43.6610203,44.84997267,0.151701388,-29.70966286,29.55555955,-0.2392580475,29.84106384,-29.60404773,210.7085206,225.8881826,255.2273246,17.78617066,7.540654966,11.57573327,207.105822,225.7380542,258.7967808,6.961886933,12.21177411,11.20288097,0,-130.8350233,119.1524138,-14.43477874,129.923047,-178.07064,-0.4372206318,-129.7884687,118.5657591,141.3983517,-93.11390879,51.82274651,49.98202598,49.9779675,3509.222175,4220.959334,23.83202246,18.98711262,4.1272902,1
171,20,32,32,1,1,0,1,1,1,1,0,1,1,1,1,210.4640095,226.0289931,253.9898145,13.92362593,3.497025472,12.30774388,209.9652641,226.6579999,256.3956557,10.7460451,8.543809288,13.00992077,-8.804116549,-0.6062030771,9.41259493,8.643651629,0.6098565357,-9.251209509,210.349293,225.9954438,253.912882,9.251699429,3.263481165,5.544279722,209.9027196,226.6307451,256.3693049,3.289403708,8.450209254,7.192427393,0,-131.1676152,118.9591078,-11.63501987,150.3147453,167.3271587,-0.05316084623,-130.5862354,118.8236663,33.4435683,-108.8639825,83.54395663,49.98299761,49.98228688,3412.233825,3544.433122,120.3843453,-161.4165139,3.8763374,1
172,20,32,32,1,1,0,1,1,1,1,1,0,1,1,1,269.4034024,227.8387179,407.3449509,23.53231221,16.27886146,20.97596385,272.6615938,232.9404223,409.2211127,23.60232411,18.54440097,18.30139263,-16.8574654,2.179086571,14.67877855,12.49232168,-7.091359643,-5.400407327,228.5536434,151.2973752,307.2111002,4.532615224,4.55744545,5.613640669,232.8082196,154.3059671,311.1661098,12.92813865,8.589605681,11.68351638,0,-112.9799199,140.4162699,80.15608936,0.2157855735,-142.381299,0.2070579014,-112.8448222,140.4545262,-20.28117057,-142.172408,112.3973149,49.96081729,49.97602151,6573.401029,6092.140896,926.8837723,-44.84258211,3.7746241,1
173,20,32,32,1,1,0,1,1,1,1,1,1,0,1,1,211.7418986,229.0422273,251.0262501,22.14133707,7.100827892,26.78582549,212.7953989,229.7080616,251.6334166,22.13829965,7.089963263,26.6540337,-20.26021323,-4.880660106,25.14088777,20.18656359,4.875587651,-25.06214284,211.6616761,228.9690673,250.965041,5.821659445,4.297650164,4.85588489,212.6943424,229.6280548,251.5705781,6.088636394,4.288214614,4.564225462,0,-132.5151701,118.2870353,-2.391171086,-132.5445866,115.5020034,0.1501084329,-132.4468528,118.360875,1.982077116,-132.6993518,121.0292886,49.98200497,49.9819913,3601.898903,3598.136727,95.61171642,-117.212384,4.1088289,1
174,20,32,32,1,1,0,1,1,1,1,1,1,1,0,1,214.6391106,224.8966721,253.6800804,66.0704704,28.48241329,63.95797767,209.9916809,232.3054343,251.5246148,65.58843229,33.31311518,61.44304134,-43.35850435,0.8119566851,42.54659347,42.95124475,-0.8779392737,-42.07325288,212.8674278,224.4440233,251.7255807,16.75022412,13.37055345,18.43582511,209.4438697,231.4376166,251.3685905,18.20404821,21.52924287,10.57362712,0,-132.0073997,119.6935831,-76.76437621,28.12502697,143.4598614,1.59868952,-130.9429121,118.3895226,63.82033058,-144.0497702,-14.94317629,49.97620327,49.97633109,4752.269701,4695.704153,341.9889039,-0.9819507492,3.8193225,1
175,20,32,32,1,1,0,1,1,1,1,1,1,1,1,0,208.1974119,229.227448,253.5932328,11.95271488,7.010937994,8.652186846,207.4938316,231.1969705,254.4785417,10.60322543,11.17707614,4.265129902,8.310032813,-6.773285174,-1.536709224,-8.363032044,6.834362973,1.528707909,208.1926722,229.2244341,253.5937768,8.407649362,0.07924791364,8.378065727,207.4662026,231.1692876,254.4777928,6.279160694,8.65468118,3.679533934,0,-131.0289178,117.8706938,-31.54773436,-4.094865547,140.2271212,0.3559034932,-130.6223731,117.5168929,44.10731147,-131.4190144,56.59393825,49.98279765,49.9828065,3443.851306,3435.05342,72.32156079,-138.4679599,3.8473895,1
176,20,32,32,1,1,1,0,1,1,1,1,1,1,1,1,210.2320388,228.2553826,252.8695017,10.75717725,3.82554052,8.70671135,209.7397431,228.7794027,254.8167852,6.055035117,7.723104577,9.070348013,5.077332003,1.515414005,-6.592701309,-4.983855812,-1.530994007,6.514894197,210.2174684,228.2541011,252.857741,9.386511324,3.282708261,5.605906694,209.7353051,228.7782245,254.8173742,3.16734878,7.468246317,6.23870014,0,-131.6147048,118.3429378,-11.43752965,168.4923296,157.2168463,-0.02001535002,-131.1304213,118.2090718,34.87330524,-109.2336205,83.73644765,49.9828056,49.9828158,3443.330949,3432.257979,78.14403479,-136.8144462,3.8947477,1
177,20,32,32,1,1,1,0,1,1,0,1,1,1,1,1,212.1540985,224.4627106,255.8625024,17.07554492,4.015263386,15.37994695,211.162692,224.9809126,257.7782439,13.84745908,8.525645454,15.35407021,9.904547083,0.8539726274,-10.75946763,-9.684020427,-0.8347102537,10.51780122,211.3901279,224.0633801,255.5572347,9.942209042,3.304907398,6.154818843,210.6692033,224.6804885,257.656748,3.069298556,8.21296434,6.71624423,0,-130.7628792,119.7657575,-12.90706303,153.8582636,163.6418759,0.002309689543,-130.1843019,119.5978056,45.01423586,-107.7828494,80.04388864,49.98312507,49.98179153,3448.06878,3580.46041,84.34454647,-114.6653724,4.0725529,1
178,20,32,32,1,1,1,0,1,1,1,0,1,1,1,1,211.6207102,223.3637973,255.8636825,37.466289,67.81042357,72.47944311,204.5018193,226.5018033,262.6317159,31.20529989,69.51901494,72.40992913,0.9454690056,46.21250885,-47.15797014,-0.7775529798,-46.42190404,47.1994519,210.770292,223.1725547,255.1484925,24.56014344,12.66124264,19.01444961,204.0217423,223.9939792,260.680729,14.32269068,18.83172273,17.62599068,0,-130.5849634,119.720275,-22.24434065,103.7534687,-173.8276306,-0.6275354184,-128.8127939,118.4818324,140.146749,-97.23604519,36.3870269,49.97504683,49.97492807,4973.055965,4995.383061,264.7783543,198.710446,3.9574706,1
179,20,32,32,1,1,1,0,1,1,1,1,0,1,1,1,211.7419271,229.0444937,251.0352926,22.09865127,7.099417637,26.74377427,212.779806,229.708469,251.6297683,22.08409281,7.088831757,26.60017726,20.2161235,4.881398307,-25.09751159,-20.14281364,-4.876641785,25.01947875,211.6621266,228.9717243,250.9745916,5.844805309,4.297360964,4.890120845,212.6796047,229.6290319,251.5675918,6.067454516,4.288575337,4.529560864,0,-132.5126599,118.2870794,-2.648922651,-132.5399959,115.6018051,0.1511282262,-132.4447444,118.3585193,2.24630828,-132.6992612,120.9618819,49.98200092,49.98199996,3603.384355,3597.651683,94.84960034,-116.2212731,3.8052922,1
180,20,32,32,1,1,1,0,1,1,1,1,1,0,1,1,268.6729037,226.0112641,406.5859149,25.86028828,15.39397297,23.39935989,272.4677133,232.3859564,408.9256448,25.66606201,18.65737636,20.53140801,22.20073607,-3.488930133,-18.71162086,-17.85675444,8.35194448,9.504934019,227.984591,150.3557369,307.5288001,6.865471307,5.624827782,7.985559958,233.3547121,153.9984782,312.923929,15.21359763,10.00721317,15.18108194,0,-112.5217512,140.5959699,95.86493442,12.18738745,-119.3368793,0.2064332514,-112.2416205,140.6732009,-26.70765657,-140.0023721,109.3723704,49.96355446,49.97328943,6353.207896,6315.087914,1122.309658,-240.7582407,3.7944028,1
181,20,32,32,1,1,1,0,1,1,1,1,1,1,0,1,208.194041,229.2273481,253.5999004,11.97407351,7.031009635,8.654459896,207.4880114,231.1913721,254.4852055,10.60951516,11.17840365,4.264034237,-8.328734181,6.793478548,1.53529392,8.381681692,-6.855286625,-1.526358264,208.1893084,229.2243253,253.6004678,8.418352765,0.06648321685,8.380907025,207.4601475,231.1635215,254.4843532,6.263299702,8.639709879,3.679437729,0,-131.026461,117.8706046,-31.45648275,-11.51625535,140.2276198,0.3540662047,-130.6206546,117.5165451,44.17212911,-131.3812219,56.55302928,49.98280133,49.98280187,3443.430319,3435.6543,71.60354748,-137.7082241,3.8823967,1
182,20,32,32,1,1,1,0,1,1,1,1,1,1,1,0,214.3829439,225.1863385,253.5777772,63.77622964,27.54717247,61.6262461,210.0775949,232.4017863,251.7322277,63.36965255,32.43296482,59.18461232,42.03965033,-0.9037405125,-41.13556155,-41.64329816,0.9666918296,40.67694372,212.7248662,224.7570314,251.741813,16.04198031,13.0351615,17.67112934,209.5657107,231.5893703,251.5831146,17.68123022,21.21591771,9.937271915,0,-132.0067043,119.5907641,-76.88303448,28.41415915,143.9687116,1.545090577,-130.9575544,118.3497804,62.28504764,-143.7477823,-12.41468594,49.97664018,49.97694255,4644.5692,4523.453685,324.4624422,-41.73849438,3.9042306,1
183,20,32,32,1,1,1,1,0,1,1,1,1,1,1,1,206.4642019,230.4461429,253.9340001,10.14418714,10.60843584,4.279948682,208.9784216,229.7272308,254.5154917,11.17371602,6.458131768,8.554459387,7.945818625,-6.309704812,-1.63607269,-7.839188283,6.207995376,1.631233273,206.4450156,230.4220772,253.9332829,6.1074556,8.364001246,3.639899984,208.9744338,229.7234534,254.5166587,7.807720472,0.6661931905,8.25625529,0,-130.7639811,117.3325943,37.96608157,-135.1154263,58.29531507,-0.09292199663,-130.9684635,117.811581,-29.08565574,-66.29759136,139.5747784,49.98283311,49.98282734,3438.337354,3429.507281,72.79307904,-141.3844882,3.9835852,1
184,20,32,32,1,1,1,1,0,1,0,1,1,1,1,1,207.449338,236.0985417,249.8485389,64.11655484,66.17418988,27.75667662,205.459682,229.8728056,257.5172499,61.06862713,65.2491965,32.74899123,42.77044273,-43.52890504,0.758666509,-42.21195686,43.15203132,-0.939873835,205.5880577,233.9901671,249.4857643,19.35377287,17.19322447,12.61225727,205.3497344,229.2002567,256.8696691,9.593201454,16.46026625,21.18891427,0,-132.1803518,115.7593101,20.91523299,157.5394738,-96.30066021,-1.534475599,-131.0410853,116.4773328,-132.7244457,-52.30416282,97.44837378,49.97617222,49.97713013,4736.067863,4406.965352,287.7113729,-31.00334379,4.1314813,1
185,20,32,32,1,1,1,1,0,1,1,0,1,1,1,1,207.5006759,228.1714237,255.1021507,10.45214625,12.57183016,8.991579702,208.2229932,226.9332452,257.6566849,3.904508301,11.58372409,12.82666936,-1.485188014,9.658349777,-8.173172215,1.478495283,-9.72093519,8.242429687,207.4933915,228.1648625,255.0936988,10.21979901,7.426387809,1.798116158,208.2135839,226.8875078,257.6100908,3.228741071,5.494351414,9.254535505,0,-130.4526126,118.1015703,14.82763361,-170.0531342,-167.8188668,-0.4443418336,-130.1564265,118.3638739,-56.24421939,-71.17934988,107.321608,49.98276315,49.98275642,3451.635691,3444.807384,72.88866313,-126.0316678,3.959025,1
186,20,32,32,1,1,1,1,0,1,1,1,0,1,1,1,209.0275402,232.2341782,250.3649917,66.94712343,33.9253613,62.65546022,215.8898233,225.9992401,253.9071078,66.86220011,28.94861908,64.73783064,43.85083544,-0.9884860674,-42.86232469,-43.91025717,0.8655816701,43.04473251,208.4360244,231.3659784,250.2497725,18.13798181,21.78653248,10.80701379,213.8457503,225.5026364,252.0362012,16.37886402,13.57275682,18.55369375,0,-132.4118575,117.0362394,61.63477771,-146.5742439,-16.09257922,-1.355923492,-133.3081912,118.4983619,-78.71865612,24.83910368,142.3979464,49.97620516,49.97597897,4729.747866,4782.774331,202.2442121,122.9101762,4.0686737,1
187,20,32,32,1,1,1,1,0,1,1,1,1,0,1,1,206.6425673,230.7975736,253.5113485,10.81036934,11.33993753,4.176654942,209.2197617,229.9976811,254.1164479,11.76867261,7.364677316,8.711279096,8.630187418,-7.215725084,-1.414421191,-8.501610013,7.100277478,1.401374864,206.6158648,230.762128,253.5101959,6.240372865,8.548697748,3.62901676,209.2146543,229.9922982,254.1170378,7.921356629,0.6768848637,8.466852529,0,-130.9507301,117.2383802,39.48739068,-135.6509688,54.6517025,-0.1093859553,-131.1641115,117.7385199,-30.38910354,-51.08273503,139.6398838,49.98280315,49.98280476,3444.913722,3433.392783,72.5019931,-144.7042544,4.0485996,1
188,20,32,32,1,1,1,1,0,1,1,1,1,1,0,1,322.3539574,319.5329961,284.272019,21.09460521,20.86195373,11.28493796,324.7598817,322.0014869,289.2458159,17.60667592,20.69409367,14.7840774,17.72045054,-18.86515779,1.144655343,-7.122194588,14.47693213,-7.354804181,243.2196493,268.9211763,195.9342533,6.295504527,5.303285344,4.348558299,248.2062185,273.3246976,198.9978144,14.4351997,13.25258977,8.725766844,0,-153.2506362,112.4164857,83.28227529,-38.46850394,-155.1321383,0.1460143747,-152.993061,112.4762959,-25.74303661,-174.5402922,82.5059388,49.96752487,49.96733678,6569.990068,6462.817603,440.6324173,-720.0031108,3.8274234,1
189,20,32,32,1,1,1,1,0,1,1,1,1,1,1,0,203.864623,232.4008746,254.2661351,36.53818437,30.72585084,7.884411808,204.8120204,233.018614,255.0009981,36.35440244,30.65809357,7.84591939,33.89386096,-28.62498842,-5.268878137,-33.75798313,28.52515607,5.232844219,203.7189141,232.2066567,254.1484365,5.856755673,4.232869024,4.77192661,204.6301397,232.8345289,254.8840768,5.60782309,4.48684715,4.758294037,0,-130.2558735,116.4827146,-2.570669809,-133.6121085,116.6692321,0.1293393164,-130.1598133,116.549782,2.349799662,-127.2812034,116.0812742,49.98139728,49.98136482,3725.013218,3721.872294,110.3422475,-101.8221222,4.0955479,1
190,20,32,32,1,1,1,1,1,0,1,1,1,1,1,1,206.4658619,230.4536069,253.9359027,10.18338757,10.65170135,4.271963159,208.975435,229.7210432,254.5202871,11.17770948,6.492920618,8.561728011,-7.967679516,6.340143773,1.627571043,7.860598856,-6.238615938,-1.621941153,206.4464623,230.4292887,253.935146,6.13869323,8.392159611,3.635811454,208.9714502,229.7172416,254.5214584,7.787771759,0.6776694071,8.266109393,0,-130.7646901,117.3310041,37.88523778,-135.2681606,58.14825222,-0.09601909391,-130.9691755,117.8107384,-29.27337601,-63.40988506,139.5548429,49.98283597,49.98282403,3438.337066,3429.613243,71.76905794,-140.3663951,3.9207163,1
191,20,32,32,1,1,1,1,1,0,0,1,1,1,1,1,207.4521617,228.1716033,255.1045494,10.44595895,12.47898313,8.926796167,208.1801254,226.9622262,257.7383407,3.916687663,11.61544671,12.87890244,1.483698813,-9.69237023,8.208733907,-1.47882135,9.755927258,-8.277045321,207.4450843,228.1649578,255.0969259,10.21333401,7.326052291,1.906469835,208.1710485,226.9169541,257.6925383,3.242010377,5.637183311,9.412640446,0,-130.4415061,118.09324,14.90252832,-171.2795353,-162.827763,-0.4447636764,-130.1276302,118.3563029,-56.25085105,-72.43727576,106.6127733,49.98278345,49.98274083,3446.993592,3449.641403,79.23948182,-132.5682192,4.1439869,1
192,20,32,32,1,1,1,1,1,0,1,0,1,1,1,1,207.3305653,236.3069273,249.4030574,66.85999081,69.68579673,30.73888814,205.0194588,229.930172,257.8132786,63.73909259,68.85102752,35.64311553,-44.45389234,45.84180724,-1.3878527,43.8763341,-45.46022053,1.583936574,205.3105631,234.0224683,248.9875789,20.11183202,18.00160394,14.12730468,204.9029071,229.1244791,257.0315532,10.23690522,17.69020156,22.58945545,0,-132.2597905,115.6515762,20.52096959,153.987689,-97.53682416,-1.616296385,-130.9781271,116.3812856,-135.3512716,-54.18744466,95.74112734,49.97567455,49.97584395,4851.631002,4760.242346,355.8451941,-3.37878404,3.9924912,1
193,20,32,32,1,1,1,1,1,0,1,1,0,1,1,1,206.6373102,230.7813493,253.519343,10.79412474,11.32141109,4.186042385,209.2170598,229.9902936,254.1221908,11.76549077,7.344257708,8.704028117,-8.622866746,7.199554246,1.423347633,8.494369073,-7.084774784,-1.409560079,206.6106691,230.746005,253.5181787,6.228900751,8.54085942,3.634028899,209.2119302,229.9848919,254.1227864,7.929583788,0.6618625429,8.456943059,0,-130.9457682,117.2424765,39.53219276,-135.5398829,54.80955496,-0.1077858575,-131.159559,117.7417182,-30.32359798,-51.84300789,139.67084,49.9828117,49.98279606,3442.612696,3435.578211,71.83401163,-143.9575608,3.9563633,1
194,20,32,32,1,1,1,1,1,0,1,1,1,0,1,1,209.1195855,232.3273357,250.5477177,65.13078426,33.27874407,60.7653768,215.6608538,226.2363663,253.8311451,64.98690442,28.26508008,62.79655856,-42.82404018,1.116837668,41.70729565,42.8823693,-0.9967648203,-41.88551085,208.5581883,231.5023581,250.4369852,17.72331048,21.56653384,10.26137781,213.7275442,225.763856,252.0552475,15.7692112,13.33798714,17.89988219,0,-132.394513,117.0398123,60.19032524,-146.3539377,-13.90071161,-1.313440521,-133.2774238,118.4472957,-78.98449354,25.02503582,142.9016239,49.9766925,49.97637196,4590.93367,4686.513242,167.9841714,109.8553225,4.0735451,1
195,20,32,32,1,1,1,1,1,0,1,1,1,1,0,1,203.8676613,232.4310259,254.2652558,36.68809076,30.87533643,7.885794123,204.8074737,233.0339069,255.0020061,36.49307346,30.79943261,7.846949708,-34.01413656,28.74629034,5.267840643,33.87751374,-28.64580971,-5.231705324,203.7205335,232.2338592,254.1465857,5.890867171,4.260182473,4.772066345,204.623011,232.8481896,254.882969,5.573406249,4.463150218,4.758090552,0,-130.2596531,116.4758883,-2.521616852,-133.9164939,116.6563087,0.1261494446,-130.1636277,116.5428592,2.325789563,-126.9623875,116.0804619,49.98138504,49.98136037,3727.152209,3722.761025,109.3392004,-100.5898628,4.1366056,1
196,20,32,32,1,1,1,1,1,0,1,1,1,1,1,0,323.3055679,320.301452,287.2812505,17.6169295,17.1698761,11.09157371,325.4263236,322.0272035,290.7410119,15.35380157,17.05562053,13.71678928,-12.31064392,12.15409424,0.1546263632,1.602352699,-7.737949152,6.13380758,243.1046328,269.334803,197.8332392,4.947099162,2.464010561,2.807713804,246.5207736,272.145704,200.0395032,11.00336722,9.667166062,6.986714179,0,-152.8117881,112.3017382,47.58933031,-80.42431459,-177.9096418,0.1446392597,-152.5885893,112.3994493,-19.52755167,-166.8947661,90.07911791,49.96750041,49.96741271,6630.534395,6410.071017,257.5179953,-529.9055872,4.1059208,1
344,20,40,32,1,1,1,1,1,1,1,1,1,1,1,1,199.5435474,235.8309681,256.9031197,5.814424629,3.534023046,4.832481927,200.401515,236.2938617,257.6686456,5.418918222,3.859234362,4.803669149,-0.002519685506,0.006411041469,-0.00378156637,0.002520678825,-0.006758181328,0.00433832207,199.5380522,235.8317704,256.905663,5.813977482,3.533589074,4.832246015,200.396008,236.2946895,257.6711904,5.418471706,3.858879437,4.80344826,0,-131.6828023,120.6436193,-2.928261042,-136.5438828,121.6596997,0.1254276497,-131.5975878,120.7053628,2.797911599,-127.3805375,119.403974,49.9838448,49.98384766,3235.327598,3225.983332,56.17116774,-139.9616883,4.0407,1
345,20,40,32,1,1,1,1,1,1,0,1,1,1,1,1,199.3792987,235.2033827,257.6076792,9.759366213,10.50845124,6.819634748,200.1316259,233.9932066,260.0253717,3.990423431,9.526191283,11.05096936,1.788662029,-8.037546803,6.248987097,-1.765126067,8.068747127,-6.30351406,199.3727927,235.203519,257.6076532,9.462832735,6.577312822,1.946301102,200.123328,233.9752081,260.0082176,3.207717573,4.804415876,8.871064623,0,-131.4035062,120.770723,14.65228987,-171.4177379,-179.1010365,-0.4030097719,-131.1577028,121.002015,-50.00106476,-69.90078984,109.776905,49.98371864,49.98371795,3259.687396,3252.627576,53.27636694,-140.9274003,4.4693707,1
346,20,40,32,1,1,1,1,1,1,1,0,1,1,1,1,199.3814853,235.2064625,257.6052713,9.7590063,10.4822676,6.778873298,200.1321189,233.996069,260.0224768,3.988157242,9.493787425,11.02233162,-1.790541165,8.000517317,-6.20986916,1.767179612,-8.032462825,6.265397696,199.3749923,235.2066007,257.605255,9.46215524,6.581962025,1.94229912,200.1238436,233.9782153,260.0055127,3.203811818,4.804091439,8.866129021,0,-131.4050822,120.7699974,14.62363624,-171.4077362,-179.2937577,-0.4031150864,-131.1592257,121.0009609,-49.95299839,-69.84592288,109.8139958,49.983715,49.98372278,3260.934099,3251.320605,53.63710158,-141.2605966,4.1608456,1
347,20,40,32,1,1,1,1,1,1,1,1,0,1,1,1,200.0573131,235.7918819,256.6848369,6.102911696,6.709883257,9.65967534,202.3317009,236.56665,256.0954075,10.60373109,3.786592013,8.899204369,5.409671361,1.552844441,-6.96242096,-5.464887554,-1.53587611,7.000854576,200.0505718,235.7912993,256.686425,2.497181635,6.385235404,6.598992563,202.3113443,236.5652453,256.0838519,8.990201739,3.182827251,5.376576012,0,-131.8998617,120.7322922,21.46218071,-106.6357903,88.15293172,0.3401988922,-132.2009931,120.9774907,-5.914481327,168.278693,161.9247536,49.98372619,49.98373152,3258.553296,3249.600925,46.97394689,-148.8860783,4.1158952,1
348,20,40,32,1,1,1,1,1,1,1,1,1,0,1,1,200.0519845,235.7889111,256.6947833,6.11296403,6.714377006,9.661794732,202.3285149,236.565706,256.101933,10.60684508,3.783732791,8.899612444,-5.41328283,-1.549627954,6.963020293,5.468467156,1.531848227,-7.000203617,200.0452184,235.788318,256.696384,2.502120403,6.392561264,6.599196287,202.3081262,236.5643829,256.0904397,8.988412092,3.184680307,5.373840447,0,-131.8954281,120.7330967,21.60383573,-106.6089419,88.18033609,0.3414577701,-132.1969103,120.9786438,-5.963327159,168.1469681,161.9164456,49.98373493,49.98372276,3257.106633,3251.060737,46.25034518,-148.1599183,3.9441791,1
349,20,40,32,1,1,1,1,1,1,1,1,1,1,0,1,199.1452043,236.5826527,256.5784345,11.5958255,6.551507023,8.689869413,198.3720017,238.3121046,257.4850113,10.04516771,10.37609915,4.350081612,-7.935066914,6.294158896,1.640993669,7.974112418,-6.345468512,-1.628548981,199.1393626,236.5801943,256.5800252,8.295144213,0.6525947293,8.394759009,198.3472816,238.290745,257.4850806,5.886312973,8.031639573,3.729880541,0,-131.6905914,120.4070073,-31.12228757,64.4651117,142.7455829,0.3397061357,-131.2960828,120.0607322,46.34275841,-130.3483212,60.38983562,49.98375039,49.98374592,3253.747242,3246.651838,47.19154912,-146.577672,3.8739018,1
350,20,40,32,1,1,1,1,1,1,1,1,1,1,1,0,199.142651,236.5794331,256.5789037,11.60216274,6.570476027,8.691417994,198.3711117,238.3137479,257.4863845,10.0624232,10.39517092,4.352196861,7.94991465,-6.312341828,-1.637473508,-7.989005204,6.362983444,1.626120187,199.1368338,236.5769487,256.580479,8.288744492,0.6602434537,8.39609464,198.3463042,238.2922703,257.4864541,5.893949758,8.04116151,3.731771472,0,-131.6894858,120.407405,-31.16687982,63.70825594,142.7600315,0.3406403282,-131.2946124,120.0608953,46.29696325,-130.3933425,60.36604812,49.98374483,49.98375111,3254.748221,3245.863513,47.78016525,-147.1814582,3.8429906,1
351,20,40,32,0,1,1,1,1,1,1,1,1,1,1,1,199.1367593,233.5948725,259.2010106,4.179157913,9.275998626,10.84105059,200.3127982,235.6175676,258.2604979,9.656171832,10.12314665,6.757181842,-1.857354661,7.979961773,-6.1225011,1.869015514,-7.909847321,6.040935078,199.1286579,233.5758269,259.1861852,3.394686643,4.484623617,8.714845346,200.3058569,235.6173572,258.2612107,9.344925236,6.138036128,2.270480272,0,-130.6503239,121.3507321,-49.41424441,-74.01343334,108.3992723,0.6416067927,-130.7711717,121.2882019,16.00841687,-168.4365825,179.2292487,49.98372554,49.98372062,3259.69955,3250.931371,60.14414358,-138.0716078,3.7934791,1
352,20,40,32,0,1,1,1,1,1,0,1,1,1,1,1,214.1561741,397.4247112,307.746283,6.659739505,14.23561291,13.64466628,216.0833152,398.3648536,309.1535058,7.689839356,13.8512067,14.09656581,-2.509533324,5.128020664,-2.626724248,-3.895413643,3.22491008,0.6623266642,144.3725484,278.955307,271.8869897,3.472379764,3.897173118,4.024619266,145.4887854,280.1143832,273.3480996,4.751190895,4.826814065,6.180586443,0,-121.6641836,105.8920711,10.25802473,-121.431835,104.49654,0.1530683986,-121.5363753,106.0102714,-7.713730756,-121.95342,106.655728,49.9720664,49.97215849,5051.464347,6127.338069,29.70458205,-335.80762,3.8252581,1
353,20,40,32,0,1,1,1,1,1,1,0,1,1,1,1,199.4655687,230.8664071,261.223188,8.583136995,31.19639365,25.73105171,200.482723,231.2449637,261.9445775,8.556094802,31.08011733,25.72136322,-5.595292931,29.32245683,-23.72710609,5.579212819,-29.25093631,23.67177804,199.3578219,230.7575306,261.1148448,5.613350381,3.79263147,4.76747445,200.3628564,231.1381789,261.832428,5.597572462,3.42785062,5.032844712,0,-129.8704316,122.1216858,-0.03830895223,-132.9143083,119.387349,0.1184133841,-129.8193777,122.2141002,-0.2902807391,-126.6926685,124.5181706,49.98264344,49.98264815,3473.416575,3468.517286,107.8667625,-87.23777546,4.004074,1
354,20,40,32,0,1,1,1,1,1,1,1,0,1,1,1,195.7192253,233.6094955,263.1497541,28.63421395,64.88340223,67.48994082,204.3103794,232.1158637,258.614469,34.54008155,63.17637604,67.29876017,0.6300592924,43.55606211,-44.18609212,-0.7422899113,-43.17470124,43.91700589,195.3185619,231.4622536,261.5155372,13.16277272,16.86408545,16.57636697,203.4722805,231.9405728,258.0442271,23.03736868,11.57455436,18.1924252,0,-128.902518,121.6125262,143.7330316,-95.63394462,38.69912707,0.8872500357,-130.3380234,122.9252292,-19.62061904,104.7836233,-173.4013533,49.97673199,49.9774251,4627.60426,4387.661626,344.9761503,-32.32578395,3.8412499,1
355,20,40,32,0,1,1,1,1,1,1,1,1,0,1,1,200.3513183,234.7403804,257.4091755,8.15029089,7.011013101,11.13203257,202.8589853,235.4971741,256.7567963,12.29888529,3.71762855,10.63946759,-7.481213501,-1.128725317,8.610013357,7.55520252,1.121944579,-8.677068489,200.3373588,234.7362309,257.4048833,2.289766286,6.774292938,6.720740452,202.8113908,235.4926608,256.7235092,9.428321021,3.248883133,5.776276288,0,-131.6625584,121.0714216,32.17466952,-105.664574,84.88443582,0.3484885341,-132.0076885,121.3527547,-7.498735291,161.0217728,164.3153434,49.98368362,49.98364954,3260.599392,3273.6469,49.61999572,-145.9789548,3.8432799,1
356,20,40,32,0,1,1,1,1,1,1,1,1,1,0,1,195.3314142,236.6813174,259.3003788,66.25528528,71.30067318,36.69051493,199.933959,244.3121423,252.1658966,68.66820858,71.68476317,31.70720241,-45.57706033,47.07209186,-1.494921881,45.80087046,-47.1434096,1.342651934,195.1944954,235.9085333,258.5123728,10.90717062,17.39176389,22.93839762,197.4652965,242.0888366,251.7193206,20.06336073,17.73456636,14.50046057,0,-130.0442263,120.3931122,-132.671195,-50.06566254,97.78132083,1.984096625,-131.1204791,119.8632548,23.81353374,154.3756148,-96.70718449,49.97635229,49.97621453,4663.662322,4726.962247,216.4674824,155.1360019,3.9760608,1
357,20,40,32,0,1,1,1,1,1,1,1,1,1,1,0,197.6217187,234.4047382,259.7815498,3.877619612,12.27681741,13.68225096,198.870084,236.5072475,258.6241214,10.00556611,12.86435997,10.39992231,-1.393437346,10.22263058,-8.829083526,1.381432858,-10.09149088,8.710170002,197.5516959,234.2990682,259.6354072,3.181001589,4.855071096,9.029197315,198.8207007,236.4782024,258.5538882,9.763645436,6.429605566,2.369162393,0,-130.1847645,121.0349511,-57.37498006,-70.76507197,106.9468954,0.6954016552,-130.3358426,120.9710267,15.94263078,-170.9256557,-172.8085793,49.98369556,49.98362422,3273.260538,3261.340592,62.8365764,-136.9894224,3.9795622,1
358,20,40,32,1,0,1,1,1,1,1,1,1,1,1,1,199.1417704,233.6010279,259.1956118,4.177610466,9.247730757,10.80672224,200.320685,235.6186176,258.255737,9.652578356,10.10812628,6.719863101,1.861541581,-7.949213853,6.087778842,-1.872975673,7.878363088,-6.005281386,199.1334861,233.5818548,259.1807227,3.387372013,4.477836223,8.69810355,200.3137123,235.6183993,258.2564832,9.339315241,6.150597733,2.257626906,0,-130.6539905,121.3493449,-49.24726889,-73.8506031,108.526448,0.6402558678,-130.7756448,121.2876761,15.9413532,-168.3673838,178.6692348,49.98373475,49.98371182,3257.529274,3253.071655,59.67282506,-137.6454731,4.0030983,1
359,20,40,32,1,0,1,1,1,1,0,1,1,1,1,1,199.4774895,230.8537649,261.2067957,8.583946598,31.20653489,25.73602804,200.4948883,231.2394632,261.9531909,8.557802261,31.09156933,25.73698562,5.595929609,-29.33139578,23.73552568,-5.579842126,29.25978077,-23.67988312,199.3699149,230.7453386,261.1000115,5.61337843,3.789307715,4.740829342,200.3755783,231.132941,261.8410213,5.598245542,3.433704946,5.059462987,0,-129.87665,122.1245732,-0.01758758162,-133.2928128,119.3457115,0.1180561969,-129.8204117,122.2169027,-0.3113113558,-126.2924347,124.5356222,49.98264481,49.98264259,3476.352068,3466.197477,110.096433,-89.36997726,4.2446075,1
360,20,40,32,1,0,1,1,1,1,1,0,1,1,1,1,208.251205,396.0026671,304.7496898,13.98655984,20.37021085,21.63329168,213.9407772,397.4060992,308.5347415,16.69566134,17.66801635,22.61886461,-1.446674736,-16.26839998,17.71548221,7.626243128,8.050196587,-15.67592372,140.5936927,280.1266093,268.8506145,4.851143358,5.885802686,6.134634683,143.9423945,284.4268501,273.3911186,9.166398509,12.23444751,12.7369634,0,-122.3368217,104.2908449,87.88459637,-10.95333418,-155.5198713,0.03692697426,-122.1808885,104.3962076,-32.01864401,-148.9481892,75.96526997,49.96619321,49.97797963,5678.002029,5521.476515,417.5778114,-683.9274183,3.6889267,1
361,20,40,32,1,0,1,1,1,1,1,1,0,1,1,1,200.3237595,234.8006243,257.3936383,7.673587233,7.000272471,10.85370986,202.7501075,235.5541891,256.66763,11.87526053,3.643735922,10.16055249,7.124397185,1.103054488,-8.227333068,-7.195345094,-1.097461867,8.292931642,200.311598,234.7978321,257.3908173,2.316265207,6.801984276,6.877765837,202.7084479,235.5511621,256.639222,9.297547028,3.246587164,5.633844538,0,-131.6647097,121.0524144,27.76273233,-105.7075856,85.83089878,0.3552598424,-132.0119733,121.3217705,-6.732593726,160.5572761,165.6429685,49.9836843,49.98367047,3267.576601,3261.299582,45.47028725,-142.7283087,4.3252814,1
362,20,40,32,1,0,1,1,1,1,1,1,1,0,1,1,195.409695,233.4941264,263.3674794,30.007013,67.76363481,70.4128585,204.2419942,231.7267968,258.434019,35.80116898,66.00717771,70.17693689,-0.6393626113,-45.3488999,45.98834481,0.759808842,44.95017554,-45.70990327,194.9637239,231.1576364,261.6092336,13.65995114,17.63605328,17.19453246,203.3337673,231.5396419,257.8144486,23.46624847,12.26749604,18.73369294,0,-128.751063,121.6490762,143.2708334,-95.90383411,38.6515987,0.926941921,-130.2673458,123.0155273,-20.22955255,103.0827329,-172.418732,49.97631247,49.97637018,4730.288198,4698.469745,371.487187,33.83673893,3.8874304,1
363,20,40,32,1,0,1,1,1,1,1,1,1,1,0,1,197.647623,234.4799085,259.6277539,3.729925784,13.03329459,14.39704782,198.9414264,236.6327445,258.5224437,10.15568054,13.66869016,11.45074695,1.24940514,-10.34444149,9.094530956,-1.243110483,10.21336469,-8.970814983,197.5900242,234.3720462,259.4887251,3.115869499,4.720092877,8.868523596,198.9027375,236.6085434,258.4666697,9.951348216,6.517894917,2.479665875,0,-130.2408896,121.0215586,-60.54009725,-69.47608635,106.4053195,0.71850233,-130.3688859,120.9694614,15.84606962,-169.6069161,-176.061958,49.98369202,49.98355924,3266.877405,3284.475616,78.16156841,-152.1691673,3.9390555,1
364,20,40,32,1,0,1,1,1,1,1,1,1,1,1,0,195.4175599,236.6687329,259.3980071,65.39237452,70.30393159,36.1061529,199.9070078,244.1581918,252.2570708,67.78973747,70.69159432,31.05252379,45.03992686,-46.44665868,1.407004435,-45.25852296,46.51472329,-1.25591239,195.2817808,235.8987876,258.6190254,10.69611641,17.29290176,22.80875494,197.5002101,241.977132,251.8260094,19.81837802,17.65685171,14.31801125,0,-130.0361151,120.4111843,-131.9445222,-49.96029164,98.34266516,1.955224661,-131.119402,119.880871,23.91828522,154.5975662,-95.99271525,49.97671279,49.97622972,4561.170436,4723.037671,190.3903372,158.540233,4.3554904,1
365,20,40,32,1,1,0,1,1,1,1,1,1,1,1,1,201.1779306,235.9682395,255.7061845,10.22281772,3.713823441,8.236435673,200.773369,236.2161475,257.6285987,5.514754029,6.842011256,8.745311699,-4.69988889,-1.416014976,6.115975232,4.614030094,1.428611103,-6.042572081,201.1632673,235.9674442,255.6971927,9.010542805,3.231153423,5.44453489,200.7672635,236.2154733,257.6301047,2.813850331,6.591338694,6.259212046,0,-132.4316769,120.7056843,-9.615087699,164.1470313,158.2905603,-0.04875336327,-132.0038428,120.5943499,31.14915986,-106.3847604,88.40297141,49.98375506,49.98373589,3254.565928,3247.170162,47.1089362,-148.5702655,7.3827631,1
366,20,40,32,1,1,0,1,1,1,0,1,1,1,1,1,202.3998506,233.0058782,258.3764076,25.81574003,47.86938193,50.53856342,197.9443919,234.047396,262.9305454,19.23487303,49.04851087,50.51395453,0.0966190369,-33.20788944,33.10936613,-0.1879656924,33.34275704,-33.15664338,202.0126167,232.9031967,258.0700938,18.96553734,8.658821816,13.37805709,197.7258382,232.7910603,261.9154334,8.676103534,13.07709546,12.38040744,0,-131.5721107,121.6687342,-16.32990172,118.558412,-176.1710283,-0.4829158728,-130.4195821,120.9289378,142.8510547,-92.86054376,47.98315573,49.98184676,49.97838111,3502.045692,4188.981998,26.48122995,31.42199374,8.0746372,1
367,20,40,32,1,1,0,1,1,1,1,0,1,1,1,1,201.6966018,234.1609523,256.6015127,13.29437196,3.565458476,11.56880603,201.1770939,234.4604314,258.820169,9.871742824,7.454635934,12.1394043,-8.023622516,-0.7043836594,8.729393221,7.879079042,0.7081315824,-8.585816268,201.608353,234.1408413,256.5401346,9.159239942,3.324738993,5.575538679,201.1392875,234.4437946,258.8069992,2.790476938,7.343239636,6.888802371,0,-132.1240542,121.2223151,-10.24073138,150.4996059,165.6532914,-0.07552519969,-131.6209509,121.0926673,34.39633572,-105.8345326,86.46276421,49.98375485,49.98344358,3260.353407,3305.294188,70.76663188,-160.9656686,8.0413705,1
368,20,40,32,1,1,0,1,1,1,1,1,0,1,1,1,266.1657097,235.2770259,405.7633968,22.69214453,16.41031559,20.64437443,269.0991495,239.8369206,407.4195482,22.85232092,18.1255381,18.10159955,-15.717755,1.858742508,13.86033497,10.96100816,-6.172826993,-4.786528747,223.2512554,155.8069404,309.0852418,3.774344699,4.165685824,4.786586615,227.2080448,158.5169127,312.6008605,12.46313582,7.59078858,10.77089481,0,-113.5663425,142.2863703,79.26828366,0.02276811072,-149.9510067,0.2676916905,-113.4524381,142.3432627,-17.36701196,-143.7617808,117.9105238,49.96245737,49.97627176,6509.904821,5781.000396,971.022656,65.73196816,7.1367435,1
369,20,40,32,1,1,0,1,1,1,1,1,1,0,1,1,202.5970873,237.1060944,253.8194007,21.92007973,6.458396712,26.37253565,203.6021615,237.6222302,254.4410143,21.90036643,6.452374954,26.24348457,-20.20987657,-4.531490456,24.74140744,20.13556537,4.528814794,-24.6643284,202.515614,237.0364804,253.7640477,5.590987384,3.706788097,4.90081899,203.49847,237.5481591,254.3850073,5.804463544,3.70056875,4.621922239,0,-133.4569472,120.5223087,-2.363647948,-133.4677899,118.0613862,0.1489516381,-133.4056435,120.5953448,1.970472616,-133.622573,122.9112742,49.98296317,49.98294052,3411.035738,3407.676584,56.9350876,-137.5109675,3.945369,1
370,20,40,32,1,1,0,1,1,1,1,1,1,1,0,1,205.5810467,232.667895,256.6336103,63.41328568,27.34357689,61.44811979,200.9800407,239.442611,254.589808,62.86436078,31.5352499,58.91846034,-41.67336989,0.7997237692,40.87373123,41.27401662,-0.8535060387,-40.42040623,203.8696822,232.2379201,254.8577045,16.10248399,13.04407483,17.94423618,200.4768018,238.6510805,254.4511388,17.20493255,20.14470679,9.906822187,0,-132.8047155,121.9793687,-75.23685338,30.35283259,144.6752127,1.557797571,-131.7849853,120.7518608,65.03885077,-143.4875162,-12.94103709,49.97763443,49.9778052,4464.841396,4399.556395,289.2218673,-27.71228955,3.9980227,1
371,20,40,32,1,1,0,1,1,1,1,1,1,1,1,0,199.2033557,236.6928962,256.4467795,11.85183119,6.953177111,8.748207023,198.4068003,238.4553754,257.3464199,10.34387029,10.68983372,4.310305191,8.231915396,-6.680202345,-1.551597421,-8.276826208,6.733669953,1.543248242,199.1972273,236.6903182,256.4483593,8.338846955,0.714791329,8.473963624,198.3791571,238.4303522,257.3466218,5.947366655,8.104918943,3.724917248,0,-131.7536537,120.3785851,-31.60239087,61.09509013,142.7627371,0.3460807559,-131.3551415,120.0241254,46.87973542,-130.5817908,59.07114808,49.98373804,49.98373919,3256.331812,3248.057916,46.51980797,-147.4087018,3.7995169,1
372,20,40,32,1,1,1,0,1,1,1,1,1,1,1,1,201.1748117,235.9795428,255.6946847,10.21348306,3.713702087,8.233649934,200.7765376,236.2255985,257.6228351,5.530419871,6.843826692,8.759857918,4.720311709,1.413251613,-6.13344878,-4.634239342,-1.426743695,6.061096642,201.1601884,235.9787334,255.6856478,8.99346344,3.231912422,5.426085967,200.7704429,236.2249061,257.6243455,2.824439448,6.593622126,6.26742586,0,-132.4356971,120.7009849,-9.592992031,164.1075149,158.3105,-0.050021302,-132.0080735,120.5906841,30.86921688,-106.3833782,88.54790123,49.98374254,49.98374775,3255.756284,3245.99324,48.2280793,-149.8067035,4.1224708,1
373,20,40,32,1,1,1,0,1,1,0,1,1,1,1,1,203.4500163,232.203862,258.5927474,16.59052358,4.179599549,14.96058318,202.6034779,232.4096829,260.3988128,13.62157603,7.52531252,14.93397416,9.885009776,0.9852554339,-10.87072879,-9.660928839,-0.9712023257,10.63168477,202.650086,231.8003808,258.2984039,9.345867758,3.235665389,5.819992984,202.0876159,232.1104354,260.2805756,2.840073752,7.0498332,6.407460532,0,-131.6394784,122.0586317,-11.32061312,154.7270994,161.5516698,-0.02701316449,-131.1524342,121.921824,38.94993138,-105.4462272,86.49256091,49.98358274,49.9832083,3329.487659,3313.401869,59.82930924,-136.4399613,3.7426862,1
374,20,40,32,1,1,1,0,1,1,1,0,1,1,1,1,202.8270439,231.0920426,258.4872159,35.43503735,65.42868134,69.55008914,196.1298693,233.6668857,264.8285675,29.34420895,66.86137008,69.41835677,0.6064641373,44.52772825,-45.13411335,-0.4619694077,-44.71311303,45.17514555,202.0350475,230.9067454,257.865444,23.46536341,12.41015004,18.31574867,195.6648578,231.3578455,263.0645231,13.54628602,17.58287569,16.73424934,0,-131.3966658,122.0325694,-21.37335736,103.7394688,-173.3203532,-0.6627967921,-129.7712723,120.8479828,141.4817617,-95.78183421,38.54301278,49.97660226,49.97644242,4655.964934,4694.042606,219.2339335,161.9081438,3.8781598,1
375,20,40,32,1,1,1,0,1,1,1,1,0,1,1,1,202.6024147,237.0917357,253.8334239,21.9038184,6.457130289,26.35786117,203.5968246,237.6070524,254.4466691,21.88022439,6.451239994,26.22072798,20.196815,4.53071893,-24.72747842,-20.12265167,-4.528612709,24.65132762,202.5211871,237.022179,253.7783309,5.599957811,3.7063215,4.924225971,203.4937366,237.5330449,254.3912575,5.797444824,3.700577032,4.59938868,0,-133.4526484,120.5272993,-2.596057549,-133.4767184,118.0202595,0.1496721872,-133.4014619,120.5987558,2.20086458,-133.6051154,122.9884668,49.98294312,49.98295949,3414.626105,3405.217585,57.04864541,-137.5172255,4.3344699,1
376,20,40,32,1,1,1,0,1,1,1,1,1,0,1,1,266.0285307,234.4647191,405.0157731,26.49208275,18.11733149,23.03165935,268.3100765,238.9751219,406.6126411,25.17962695,19.72015721,19.80622856,15.43956842,-2.287648253,-13.15322896,-10.72942848,6.556507436,4.171396754,223.6616717,155.3658794,310.1605738,5.807874815,4.361408817,8.413424705,226.3640639,158.2199653,312.9237717,9.195276494,7.850201443,10.03391393,0,-113.2009353,142.4846294,42.36497147,2.973629327,-160.3432891,0.2243035867,-113.0557995,142.3536815,-25.29266431,-143.100551,97.48309883,49.96043345,49.97814952,6254.498337,6080.331258,939.6590602,117.363081,4.7047863,1
377,20,40,32,1,1,1,0,1,1,1,1,1,1,0,1,199.2057418,236.6904015,256.4454891,11.82688144,6.895935893,8.749305067,198.4039889,238.4449953,257.3439784,10.28993699,10.64167784,4.313242116,-8.18187075,6.629535246,1.552430679,8.22649751,-6.683450502,-1.542967767,199.1996467,236.6878612,256.4470621,8.35614115,0.7033779044,8.475035343,198.3767153,238.4203802,257.3441896,5.928514622,8.090087417,3.728124048,0,-131.7543487,120.3793909,-31.49445149,62.4320587,142.7864721,0.3447619103,-131.3558836,120.0250545,47.01170378,-130.4853714,59.0490686,49.98373012,49.98374869,3256.840287,3247.247369,46.11142983,-147.0340751,3.8006453,1
378,20,40,32,1,1,1,0,1,1,1,1,1,1,1,0,205.295995,232.9778733,256.5114447,60.93641389,26.33557223,58.9518818,201.0636045,239.5452499,254.7924716,60.46589848,30.5765235,56.50235472,40.26165561,-0.9013151776,-39.35993101,-39.87420315,0.9517266274,38.92285729,203.7058915,232.5744232,254.8568356,15.33535588,12.67095593,17.13922879,200.5980454,238.8111368,254.6611995,16.62574448,19.7893844,9.246667361,0,-132.8054915,121.8746603,-75.27736564,30.63554732,145.2405289,1.497294645,-131.805723,120.7119094,63.32841614,-143.1907586,-10.00333655,49.97805165,49.97844738,4357.408863,4230.558467,272.0564821,-66.74201411,3.909782,1
379,20,40,32,1,1,1,1,0,1,1,1,1,1,1,1,197.4353086,237.9981295,256.6524413,10.17063835,10.36690497,4.336330909,199.9710418,237.189407,257.2344433,11.36671432,6.731927089,8.648762527,8.211858609,-6.575299426,-1.63646345,-8.110234184,6.483754847,1.626575341,197.414133,237.9709251,256.6522543,5.753834382,7.821923658,3.690186034,199.9652536,237.1848104,257.2364978,7.781919445,0.5143001695,8.347925924,0,-131.5103043,119.8418051,40.97045156,-134.1822646,60.72547838,-0.08427672419,-131.7481162,120.3216348,-29.29670594,7.478648461,142.1664249,49.98375867,49.9837556,3252.786607,3244.175995,47.05900918,-150.2601193,3.8490092,1
380,20,40,32,1,1,1,1,0,1,0,1,1,1,1,1,198.3380947,243.6455268,252.6402909,62.95076583,64.86502197,26.69833646,196.5032612,237.3233121,260.104982,60.12734038,64.01758291,31.67231977,42.12160678,-42.66525301,0.5439082037,-41.60395454,42.34468911,-0.7404728929,196.5244854,241.5586248,252.2990647,18.62329764,16.60382219,12.03422186,196.3872554,236.6547893,259.5246922,9.398398676,15.71195615,20.60044317,0,-132.9395163,118.3168823,21.73620323,157.15651,-96.13852765,-1.560855256,-131.9308303,118.9691894,-131.5807328,-49.43251465,99.11673864,49.97725554,49.97847614,4511.951332,4134.823476,249.1450385,-46.80752907,3.9372497,1
381,20,40,32,1,1,1,1,0,1,1,0,1,1,1,1,198.4337278,235.8150948,257.8292514,10.10325903,13.0084207,10.25999072,199.0952719,234.506842,260.3535175,3.673795886,12.20750288,13.5705738,-1.339722704,9.874219539,-8.534657773,1.334293789,-9.940149171,8.605750989,198.4152569,235.8027449,257.8046784,9.884396471,6.846308352,2.089218452,199.0677756,234.4370315,260.2739666,3.016789936,5.032190358,9.031914556,0,-131.1645776,120.5259934,14.60680394,-172.5596822,-173.7190899,-0.44944143,-130.9088428,120.7558941,-58.02662837,-67.22755783,108.3258586,49.98364492,49.98366005,3277.488329,3262.453454,44.66556416,-130.4503417,3.9823488,1
382,20,40,32,1,1,1,1,0,1,1,1,0,1,1,1,199.9211874,239.6875167,253.4700738,64.76385065,32.43109662,60.65009978,206.6992796,233.7252038,256.9624578,64.7686061,28.14032766,62.75889225,42.60240161,-1.018015089,-41.58428092,-42.67107576,0.9142837602,41.75693298,199.3635118,238.8631018,253.3698778,17.26423902,20.50418592,10.17466366,204.6679148,233.2436644,255.2471392,15.82729988,13.36267444,18.12089336,0,-133.2086659,119.4892103,62.81740806,-146.0822993,-14.34093466,-1.330245726,-134.1027002,120.8784374,-77.5145244,27.10316742,143.5812044,49.97757643,49.97732292,4452.042257,4515.748957,160.4645885,91.85408511,3.8761468,1
383,20,40,32,1,1,1,1,0,1,1,1,1,0,1,1,197.5206865,238.2272409,256.3941568,10.60459957,10.83858529,4.280795478,200.0973998,237.3806412,256.9903428,11.76546454,7.320727773,8.738900334,8.661630675,-7.155733056,-1.505814598,-8.546800486,7.056632387,1.490262285,197.4950309,238.1927727,256.3937489,5.820607025,7.922921288,3.686145585,200.0910665,237.3751952,256.9920657,7.862062627,0.6006488067,8.468704136,0,-131.6307659,119.7780673,41.98451085,-134.4272955,58.64134402,-0.09200129391,-131.8736454,120.2697627,-29.98404666,11.65527471,142.2202786,49.98374676,49.9837369,3256.058559,3247.049402,46.34771879,-152.4529341,3.9987705,1
384,20,40,32,1,1,1,1,0,1,1,1,1,1,0,1,309.1824653,330.9544341,294.0224154,18.08861291,17.17791135,11.05220341,311.1681677,332.4779098,297.4710501,14.75163796,16.58888322,13.31315116,13.09654783,-12.65729638,-0.4368020247,-2.852187657,8.823063151,-5.968943985,231.0393657,278.8618859,203.96088,5.457194527,2.866020392,3.289760505,234.453998,281.5839613,206.1652403,10.45757838,8.790242984,6.891088933,0,-154.3402828,113.7300675,50.50449179,-72.7022599,177.6308322,0.09032046094,-154.1809613,113.7731304,-23.90852197,-173.1799325,88.24817132,49.9646124,49.97405071,6223.557,6072.137592,71.25534293,-691.0042838,4.210841,1
385,20,40,32,1,1,1,1,0,1,1,1,1,1,1,0,194.5769385,240.0880276,256.8797816,38.74617293,32.8387331,7.969908586,195.4882793,240.5301538,257.6225367,38.56187023,32.77096036,7.921800994,35.92230046,-30.64681216,-5.27545466,-35.78802586,30.55707032,5.230997233,194.4013201,239.8602215,256.750001,5.611718213,3.643272462,4.822764682,195.2618658,240.328399,257.4938497,5.328991246,3.868245635,4.805057113,0,-130.8790898,119.0326071,-2.63379627,-134.8985347,119.2556849,0.1270405601,-130.8018237,119.0993023,2.434997915,-127.2493273,118.5940145,49.98211049,49.98212807,3578.468873,3571.166338,93.64758873,-101.9263873,3.8826222,1
386,20,40,32,1,1,1,1,1,0,1,1,1,1,1,1,197.4350499,238.0061546,256.6494009,10.18311397,10.37316335,4.346399461,199.9609254,237.194651,257.2314622,11.35478097,6.731631318,8.641045848,-8.212334451,6.566964856,1.645463727,8.11074936,-6.476303114,-1.634350017,197.4137148,237.9788914,256.6491297,5.764854839,7.831403089,3.69362372,199.9551519,237.1900518,257.2334963,7.756488421,0.529109977,8.336298788,0,-131.511864,119.8395245,40.74203456,-134.2725083,60.89574991,-0.08509274514,-131.7487754,120.3180265,-29.31686223,7.064953698,142.1757166,49.98376079,49.98375441,3252.45432,3244.299455,46.10667521,-149.2185069,3.9073698,1
387,20,40,32,1,1,1,1,1,0,0,1,1,1,1,1,198.5089844,235.7181715,257.7761549,10.06376562,12.15973818,9.132213687,199.1871878,234.426478,260.4255783,3.703048891,11.46403269,12.90731837,1.351852896,-9.682896147,8.331181753,-1.346475276,9.743404833,-8.396794874,198.4992782,235.7102076,257.7690777,9.849839613,6.71896214,2.197678623,199.175795,234.3785971,260.3804399,3.070744706,5.261434695,9.319944021,0,-131.1874324,120.5507824,14.85474758,-174.8889164,-165.5454038,-0.4525787108,-130.9037644,120.7843465,-57.56809135,-69.39012169,107.4364934,49.98371946,49.98364533,3260.408849,3268.654356,55.08626459,-141.5077248,4.4098236,1
388,20,40,32,1,1,1,1,1,0,1,0,1,1,1,1,198.2180981,243.911443,252.1171208,66.13817886,68.9250997,30.11248256,196.0119914,237.3858787,260.4332776,63.23096315,68.16768639,34.98596202,-44.08543348,45.33272059,-1.247149532,43.54659511,-45.00811048,1.461640467,196.2152708,241.6213443,251.7154274,19.5100098,17.59358575,13.80025784,195.886518,236.5676206,259.7089766,10.15101253,17.13263041,22.22512012,0,-133.0361911,118.1909109,21.26984584,153.0213361,-97.45953103,-1.660667357,-131.8678179,118.8528487,-134.6850452,-51.81262343,97.07495455,49.97673806,49.97699825,4634.383515,4527.00526,324.5938104,-18.36129596,3.7226126,1
389,20,40,32,1,1,1,1,1,0,1,1,0,1,1,1,197.5239908,238.2286088,256.3949657,10.60195046,10.83180687,4.28044738,200.0977833,237.3782887,256.9912795,11.75271413,7.306587254,8.735827667,-8.649670629,7.140598685,1.50917338,8.534973958,-7.042332751,-1.492541821,197.4984053,238.1942856,256.3946173,5.828927062,7.927453558,3.683827792,200.0914111,237.3728612,256.9930109,7.852368548,0.6068309899,8.464679543,0,-131.6316491,119.7779385,41.90895592,-134.4597624,58.70874328,-0.09333028416,-131.8748453,120.2692493,-30.02442084,11.55196511,142.2010278,49.98374741,49.98373654,3255.08886,3248.035877,45.80378179,-151.8942994,3.8663261,1
390,20,40,32,1,1,1,1,1,0,1,1,1,0,1,1,199.9975401,239.7832434,253.6393972,62.92630807,31.76194997,58.73936612,206.4412122,233.9636652,256.8820019,62.8706742,27.44029889,60.79549169,-41.54939396,1.143968072,40.40554383,41.61667896,-1.043312625,-40.57325869,199.4692185,239.0013467,253.5428098,16.83753999,20.26869794,9.625298147,204.522898,233.5074102,255.2562834,15.19761208,13.11738704,17.46216103,0,-133.1903994,119.492919,61.24254507,-145.9110091,-12.01800509,-1.287669595,-134.0674677,120.8277759,-77.80922485,27.22188831,144.0647693,49.97804719,49.97769802,4324.670986,4421.003729,128.6909633,79.99086285,3.8435724,1
391,20,40,32,1,1,1,1,1,0,1,1,1,1,0,1,194.5708758,240.0517074,256.8878324,38.54934858,32.64288922,7.970201772,195.4833627,240.497651,257.6306225,38.36654916,32.57603745,7.92124683,-35.75210642,30.47690363,5.275224115,35.61839296,-30.3876833,-5.23065518,194.3979168,239.8273013,256.7598708,5.608267793,3.640562468,4.823842667,195.2589447,240.298344,257.5030237,5.332475463,3.869807125,4.804321381,0,-130.8715954,119.0407108,-2.660804765,-134.8748508,119.2415013,0.1282319242,-130.7939293,119.1074552,2.461015031,-127.2609494,118.6243531,49.98212991,49.9821318,3577.971417,3567.817085,94.01370815,-102.4072108,3.855487,1
392,20,40,32,1,1,1,1,1,0,1,1,1,1,1,0,309.4120672,330.6700845,293.1463599,22.37209832,23.85920671,17.92135536,310.6706297,331.1173408,293.4343676,20.92444943,23.49522173,17.59346289,-6.961779353,4.343713066,2.622163447,-3.121304393,-0.5736807043,3.698904492,233.7255028,279.9272451,203.6542723,7.090657919,3.866809712,3.939398975,235.1664103,280.6036623,203.9793222,6.204556969,4.961244044,4.172564332,0,-154.8768587,114.1127565,7.759941904,-146.2318679,134.4365992,0.1199624503,-154.8997336,114.2276538,-9.202173938,-161.8053521,94.83246777,49.95670795,49.98126215,6500.672059,5885.197327,-241.2171999,-348.3797115,3.6633795,1
540,56,72,32,1,1,1,1,1,1,1,1,1,1,1,1,215.8650032,258.8798445,217.437195,2.561004481,2.492767786,4.276611809,216.0837913,259.1706524,217.9796363,2.671416879,2.725830198,3.878064129,-0.008230847905,0.01298350849,-0.004712078555,0.008178580128,-0.01321522934,0.005074729139,215.8607948,258.8817993,217.4382099,2.560336002,2.492279693,4.276325794,216.0795966,259.172618,217.9806594,2.670772419,2.725390013,3.877745188,0,-113.6772073,133.2503483,-6.111495697,-111.5457101,132.0938129,0.05747353031,-113.6540202,133.3087918,5.741930799,-115.7323329,134.2908552,49.98937493,49.98937943,2127.190704,2121.816293,13.79356205,-85.12761067,3.8497177,1
541,56,72,32,1,1,1,1,1,1,0,1,1,1,1,1,215.9253857,258.5624784,217.8341107,4.997960573,7.321618822,4.533155826,216.5831567,257.6079761,219.4376154,3.231502042,6.416071976,8.11449785,1.360062833,-5.593587363,4.233564505,-1.349492647,5.61360024,-4.26406598,215.9204209,258.563782,217.834169,4.682912654,4.63859203,1.439396153,216.5777301,257.6010391,219.4306159,2.724203367,2.974913749,6.863710898,0,-113.4413041,133.4317399,31.21690997,-148.0978505,155.3341623,-0.2722295037,-113.3360893,133.6880728,-63.73865062,-51.11734551,128.9152855,49.98929897,49.98930355,2141.862649,2137.395691,8.453301281,-89.69541809,4.1231642,1
542,56,72,32,1,1,1,1,1,1,1,0,1,1,1,1,215.9201156,258.5672957,217.8343223,5.002989673,7.316538623,4.528019549,216.5771248,257.6116722,219.4453906,3.226549141,6.408853884,8.122210115,-1.349110477,5.580091336,-4.230928513,1.338618164,-5.60057024,4.262010017,215.9151736,258.5685956,217.8343897,4.692169446,4.648184622,1.430366785,216.571758,257.604739,219.4384347,2.724961606,2.986892001,6.874400131,0,-113.4411822,133.429984,31.21643329,-148.2308918,155.5564013,-0.2734074411,-113.3346746,133.6862483,-63.93542718,-50.96110505,128.9053676,49.9892964,49.98930649,2142.492399,2136.741259,8.722311018,-89.99101717,4.2071828,1
543,56,72,32,1,1,1,1,1,1,1,1,0,1,1,1,216.3366932,258.8032039,217.0974628,4.685765375,5.315210207,8.8220438,217.3300112,259.6086374,216.2924887,7.501753715,3.760094607,7.107945863,4.503666193,1.372571855,-5.876194611,-4.532479236,-1.367966146,5.900492594,216.3307755,258.8045305,217.098031,1.030775364,5.003185598,6.487462097,217.3146608,259.6090341,216.2835686,5.926285164,3.306060624,3.807718132,0,-113.9103175,133.2026197,-129.2152179,-76.40815513,105.6893281,0.3660705717,-114.1797056,133.3591926,7.805165415,178.2825891,-175.2609282,49.98931673,49.9893247,2138.516221,2133.088841,7.781354964,-91.36009811,4.2204099,1
544,56,72,32,1,1,1,1,1,1,1,1,1,0,1,1,216.332081,258.8018357,217.099954,4.678934277,5.310026398,8.822489355,217.3189438,259.605849,216.2963902,7.484677433,3.759750282,7.102703833,-4.499817185,-1.379433802,5.879279182,4.528504679,1.374363255,-5.902837972,216.32618,258.803132,217.1005311,1.022122981,4.993874423,6.486300253,217.3035939,259.6062571,216.287449,5.908593729,3.299926652,3.794979745,0,-113.9082309,133.2035394,-128.302176,-76.44934556,105.8072954,0.3652052948,-114.176693,133.3590278,7.862508342,178.4228668,-175.3172868,49.98931986,49.9893214,2138.154988,2133.447337,7.210412125,-90.76274314,3.9019109,1
545,56,72,32,1,1,1,1,1,1,1,1,1,1,0,1,215.2665521,259.4962472,217.3623454,8.653251076,5.312985469,7.370224577,213.9829622,260.8880141,218.1100182,7.421487329,8.156616606,3.643866755,-6.531979775,5.104468866,1.427550118,6.551074378,-5.133879831,-1.417152814,215.2620864,259.4961,217.3626219,5.553718727,1.059909773,7.118024757,213.9670126,260.8776239,218.1092025,3.285374183,6.255330081,3.106864667,0,-113.7221866,133.0543386,-35.50130082,49.25833755,154.970654,0.1182296096,-113.4676407,132.709041,78.52642934,-116.5243185,73.0485419,49.98929633,49.98930167,2142.411558,2137.847749,10.64183853,-86.44651266,3.8121374,1
546,56,72,32,1,1,1,1,1,1,1,1,1,1,1,0,215.2656001,259.4998214,217.3597146,8.644219445,5.300531157,7.363082973,213.9866506,260.8878949,218.1078614,7.416897676,8.148026037,3.653883837,6.529957789,-5.092969701,-1.436947243,-6.548978026,5.121815961,1.427197252,215.2611341,259.4996945,217.3599765,5.542495136,1.059247246,7.107082702,213.9708672,260.8775897,218.1071254,3.280170584,6.254696511,3.110505532,0,-113.7236646,133.0526162,-35.49393861,49.24953773,154.9869037,0.1179996995,-113.469576,132.7087321,78.35209585,-116.5256577,73.23957719,49.98929648,49.98930217,2142.387776,2137.722361,11.21058694,-87.03580653,3.8525988,1
547,56,72,32,0,1,1,1,1,1,1,1,1,1,1,1,216.2136637,257.6049779,218.7118986,3.220648845,5.979864765,7.968808719,216.1210009,258.9791739,218.2669756,5.110472584,6.862907728,4.179949325,-1.250976367,5.115234187,-3.864219323,1.261775231,-5.084233018,3.822500524,216.2085074,257.5982156,218.7078393,2.812933154,2.999880274,6.934020183,216.1155843,258.9802196,218.2675587,4.861529338,4.545298987,1.541073572,0,-113.0366442,133.8988349,-67.06665239,-52.61324475,126.9218946,0.3585390472,-113.1042533,133.7986841,32.26104921,-148.1787232,165.869353,49.98930531,49.98931049,2141.311634,2135.430178,10.23659988,-89.40191756,3.9434497,1
548,56,72,32,0,1,1,1,1,1,0,1,1,1,1,1,208.0830202,419.6377836,272.0385485,13.59557661,22.19316519,24.69511417,214.6719075,421.1556983,276.1002797,15.86689352,20.54830876,25.17003709,4.618404292,17.7543138,-22.37224892,-7.4313658,-12.52008369,19.95191445,137.0264047,312.7881747,234.4307471,6.748857646,9.300330518,8.590160628,140.5901104,317.977177,239.8912149,9.287497952,13.92240756,14.56511883,0,-110.3135313,114.1966627,131.2339107,14.43122018,-132.5299731,0.2312223126,-110.2050214,114.3090833,-33.08632867,-143.5948555,81.39232948,49.97977732,49.98131292,3923.481547,3864.788938,992.3486447,-339.5351703,5.368673,1
549,56,72,32,0,1,1,1,1,1,1,0,1,1,1,1,217.9956961,255.1693657,219.9671646,5.036553132,22.98763144,19.36711584,218.2897156,255.3398105,220.6090662,5.039269736,22.94095676,19.36446612,-3.601556427,21.94363163,-18.34203606,3.60636946,-21.91735762,18.31101912,217.9386502,255.1280946,219.9195377,2.627628734,2.659640895,4.056221156,218.2289336,255.3051626,220.5448832,2.626375989,2.482914047,4.19366081,0,-112.3533945,134.9645052,-0.08186823227,-114.8092751,133.1385939,0.03256296659,-112.3294122,135.0461328,-0.05294605455,-109.8391205,136.528003,49.98865577,49.98867284,2271.00447,2262.459446,16.45222044,-83.5701105,5.2394745,1
550,56,72,32,0,1,1,1,1,1,1,1,0,1,1,1,214.8157158,257.9130898,220.6336511,14.8130272,38.48252336,39.41204799,218.3909078,257.7734549,218.102426,17.98627523,37.53862008,39.09249742,-0.1253352598,26.28658621,-26.16103922,0.1240909899,-26.1319044,26.00801522,214.590377,257.1384158,219.9901908,7.256465485,9.850197559,9.679530559,218.0928438,257.7124525,217.9752985,12.41562217,6.455012504,9.787156671,0,-112.2390664,134.0748289,171.0428826,-76.21954236,68.38192636,0.7408936469,-112.9659455,134.8078125,-5.116584481,132.2248184,-161.4993008,49.98634372,49.98778943,2682.808622,2373.127029,114.3961144,-95.24429056,4.6317592,1
551,56,72,32,0,1,1,1,1,1,1,1,1,0,1,1,216.505961,258.6732044,217.0904659,5.704737039,5.422854918,9.372733364,217.5569625,259.4689049,216.258123,8.255528347,3.758291036,7.802403552,-5.230556575,-1.229302322,6.459931307,5.2637799,1.224864833,-6.488565806,216.4993719,258.6743012,217.0906,1.05558538,5.135272908,6.52738014,217.5360194,259.469099,216.2455724,6.028578581,3.330591499,3.907446865,0,-113.9164691,133.2487844,-135.955401,-76.55814749,104.779937,0.369819197,-114.1983602,133.415324,7.053315629,175.9806928,-174.3378793,49.98930511,49.98930296,2140.610111,2138.077719,5.994795337,-91.02762613,4.084526,1
552,56,72,32,0,1,1,1,1,1,1,1,1,1,0,1,214.7397079,258.9734085,218.6098371,21.65493667,20.84422845,10.6922787,213.5050301,260.7118622,217.875191,21.48577862,21.47421114,5.341172682,-15.8666711,14.9674625,0.8984908217,15.92604809,-15.00615121,-0.9205905093,214.7118527,258.9415313,218.5723673,5.917167648,2.191754643,9.30797431,213.2159217,260.4990368,217.8246883,4.956865009,5.282823265,1.189913971,0,-113.1122402,133.4096357,-52.62140429,-33.71872331,135.6991977,0.3128241946,-113.0737191,133.0135996,71.57687498,-137.2179995,-26.29392715,49.98870874,49.98867993,2247.937799,2203.858216,6.399844427,-66.67075903,5.1006115,1
553,56,72,32,0,1,1,1,1,1,1,1,1,1,1,0,215.2183549,257.9993335,219.4256981,3.253875066,8.493750463,10.38946418,215.1355399,259.4603763,218.6697651,5.532446115,8.893379684,7.271833457,-0.6079670722,7.320516324,-6.712983547,0.6182616225,-7.262207171,6.643517891,215.2112593,257.9697645,219.4049756,3.017981263,3.565556146,7.554089367,215.1280111,259.4550752,218.6678298,5.396955371,4.526748964,1.730016002,0,-112.6867754,133.8744364,-77.29274984,-54.15319106,122.0241767,0.4228752344,-112.7984484,133.7737542,33.14200226,-155.0474095,-164.3989527,49.98911333,49.98938267,2175.037878,2129.174739,11.8569164,-86.74657988,6.2755997,1
554,56,72,32,1,0,1,1,1,1,1,1,1,1,1,1,216.2117739,257.6058019,218.7163819,3.219911974,5.981190867,7.971560741,216.1190455,258.9791897,218.2701775,5.111340926,6.868414551,4.184724686,1.247372363,-5.118600949,3.87128108,-1.258273667,5.087030174,-3.828704559,216.2065789,257.5989973,218.7122847,2.813685972,2.999244514,6.933643164,216.1136484,258.9802228,218.2707465,4.863372918,4.551612142,1.538646965,0,-113.0348125,133.8991802,-67.10296762,-52.48919784,126.9598778,0.3586678584,-113.102576,133.7992375,32.26672584,-148.161027,165.7264932,49.98930616,49.98930896,2140.895369,2135.963521,10.16856564,-89.36507333,4.7941075,1
555,56,72,32,1,0,1,1,1,1,0,1,1,1,1,1,217.9922606,255.1655461,219.9681146,5.035964201,23.09399842,19.47012781,218.2858905,255.336797,220.6131702,5.038678571,23.0481133,19.46974571,3.601850864,-22.03698865,18.435104,-3.606471515,22.01056317,-18.40413402,217.9350047,255.1243574,219.9205795,2.627388684,2.657297832,4.051820304,218.2253483,255.3018751,220.5482567,2.626528545,2.48545719,4.198049276,0,-112.3511747,134.9667598,-0.0677067727,-114.8757465,133.1585042,0.032709096,-112.3265668,135.0486857,-0.066980178,-109.7678041,136.5099168,49.98866379,49.9886581,2272.000879,2264.236978,16.6144799,-83.41260689,4.0277572,1
556,56,72,32,1,0,1,1,1,1,1,0,1,1,1,1,208.4925689,419.6087208,272.2531266,13.28183038,21.58283204,23.96741555,214.5430459,421.1263384,276.0686968,15.43855501,20.0196769,24.33012001,-4.175941071,-17.06952906,21.24570973,6.995015073,11.8245471,-18.8192837,137.0359196,312.3767541,234.6011266,6.101259108,8.966019954,8.230001037,140.3231161,317.3887468,239.831524,8.674219969,13.59489528,13.9900965,0,-110.0790256,114.4468704,131.5648553,14.49923832,-135.653446,0.2313642166,-109.9714653,114.5263928,-31.71638824,-142.9580572,80.8532321,49.97934635,49.98177313,3949.988841,3829.046417,961.4133262,-312.9284696,3.8574195,1
557,56,72,32,1,0,1,1,1,1,1,1,0,1,1,1,216.4697175,258.6954483,217.0999816,5.231778868,5.385838999,9.150501964,217.4945839,259.5051903,216.2536092,7.922105609,3.758686951,7.478672268,4.998807565,1.236336,-6.235112499,-5.030452855,-1.23234115,6.262821819,216.4635493,258.6967868,217.1002237,1.088222185,5.111092424,6.565743083,217.4765696,259.5056356,216.2428818,6.020918298,3.354142415,3.869492135,0,-113.9114711,133.2426749,-133.159988,-76.19401997,105.056534,0.3734286423,-114.1913716,133.4044787,7.638292768,176.5550078,-173.8656839,49.98930889,49.98931424,2140.309985,2134.857903,6.518052518,-91.31350201,4.0540962,1
558,56,72,32,1,0,1,1,1,1,1,1,1,0,1,1,213.7423138,258.1189875,221.8387982,20.30119751,49.9449117,51.17059926,218.5504151,257.0300892,218.2099824,23.3392469,48.82954827,50.87754536,0.1628323264,-33.66504884,33.50219139,-0.1575659283,33.4672159,-33.30967594,213.4034313,256.848959,220.7849005,10.04877531,12.57151205,12.19965778,218.0473552,256.9257282,217.9743893,15.12486309,8.686672263,12.7934174,0,-111.7007937,134.1972331,166.2342486,-79.35182928,59.58850317,0.8798416665,-112.6837305,135.2368166,-8.985066702,119.4822961,-158.748887,49.98522724,49.98557059,2944.28825,2849.273737,167.3400154,-16.61146985,5.6249675,1
559,56,72,32,1,0,1,1,1,1,1,1,1,1,0,1,214.4978411,258.8583832,218.7221659,3.460037894,14.61721423,15.63143912,214.6179485,260.6958715,218.0721654,6.490380509,15.08350692,13.84157132,0.02918542577,-10.02945204,9.99796728,-0.04574669963,9.938695086,-9.895236305,214.4696461,258.7633078,218.636315,3.238679952,3.734624919,7.263562945,214.5895613,260.6684596,218.0474817,6.371565143,5.471734075,1.839664235,0,-112.9997482,133.4658827,-95.75218362,-39.93189062,121.4266537,0.517022779,-113.0866716,133.3741633,30.48411854,-153.8690586,-172.5492021,49.98926164,49.9888607,2151.156341,2239.755072,60.80795417,-127.2752189,5.1733901,1
560,56,72,32,1,0,1,1,1,1,1,1,1,1,1,0,213.0058119,259.6971409,219.6370083,48.48369257,50.19032414,23.00702423,214.0782162,264.3019846,215.218336,49.32773643,50.43844674,18.38459883,33.49898404,-32.79730596,-0.7005866104,-33.61183334,32.85244957,0.7605228393,212.8910163,259.4109184,219.3154918,8.624387129,11.58055675,16.06180576,212.6854231,263.2784797,214.9931662,11.91203357,11.92227523,8.570977767,0,-112.7525835,133.1972829,-117.5051746,-32.31722783,116.0343958,1.191033375,-113.4310634,132.717311,40.15416763,173.4760168,-79.94109194,49.98642136,49.98480565,2619.250261,2994.636812,46.79312136,76.26224013,4.9827541,1
561,56,72,32,1,1,0,1,1,1,1,1,1,1,1,1,217.0674683,259.3322795,215.7460715,7.347639657,3.676160175,7.088817178,216.5915391,259.0280921,217.6614068,4.594247259,5.300910182,8.59429616,-4.532176699,-1.374590168,5.906803368,4.485842209,1.372166937,-5.857980585,217.0498143,259.3325484,215.7391768,5.736787263,3.198460397,3.746376966,216.5845773,259.0297035,217.6621391,0.6725011502,4.98292908,6.183172765,0,-114.5466808,132.8947043,4.405197584,177.7252635,179.6655762,-0.2636028362,-114.2374864,132.8783242,-137.0843158,-78.03677182,106.5412307,49.98932657,49.98933118,2136.884892,2131.44261,6.33156479,-93.10178762,4.7020107,1
562,56,72,32,1,1,0,1,1,1,0,1,1,1,1,1,217.9866378,257.8096424,217.3089143,13.24815093,28.12088192,28.96209167,216.1872081,257.5161928,220.2631287,9.9566428,28.757672,29.30511878,0.2248479934,-19.97453602,19.75032545,-0.2464896944,20.04232646,-19.79519142,217.8501523,257.7834769,217.2409368,9.764964386,4.931507019,6.857840266,216.0644923,257.1024869,219.8487692,4.528884112,7.433140576,7.635257595,0,-113.799484,133.7281928,-0.7122129952,151.7554469,-166.157434,-0.59364755,-113.2798924,133.4219655,178.8499162,-72.26408534,82.26884083,49.988868,49.98735157,2191.390009,2465.698901,-25.22324662,-22.60698258,4.8414027,1
563,56,72,32,1,1,0,1,1,1,1,0,1,1,1,1,217.322564,259.1814013,215.6798095,8.065008558,3.695065345,7.688301015,216.7954699,258.8636062,217.6630925,5.500399124,5.422560414,9.140205047,-5.313722491,-1.167385793,6.481137821,5.260322089,1.164040999,-6.424332337,217.2997029,259.1816577,215.6702908,5.90251252,3.289841768,3.833881254,216.787734,258.8651012,217.6633478,0.7979398856,5.15666258,6.314539784,0,-114.5810852,132.944978,4.2820349,174.91885,-177.8491796,-0.2769011395,-114.2549664,132.9208069,-144.9251914,-77.5365953,105.4249586,49.98930881,49.98931939,2139.728939,2134.425002,5.839379472,-94.67068347,4.5643681,1
564,56,72,32,1,1,0,1,1,1,1,1,0,1,1,1,314.8586639,295.37107,326.3403362,18.87555515,11.86144649,17.92359904,315.9448702,298.3070498,327.751822,18.40235346,13.09281598,15.90325968,-10.66584831,0.9786772485,9.686923189,7.51840931,-4.579148748,-2.939522158,257.6039888,200.7284917,253.7301747,2.282818077,3.250558612,4.979534505,259.7075949,202.6168188,256.286107,6.964906915,5.593399257,7.69975957,0,-97.0965263,155.5074676,99.1785707,2.161568529,-151.1018481,0.1107132996,-97.11691928,155.436876,-18.89443282,-132.1411689,124.0596498,49.97050399,49.98780915,4271.562204,4090.948851,183.5156139,-283.3608406,4.4809232,1
565,56,72,32,1,1,0,1,1,1,1,1,1,0,1,1,218.421903,260.8845861,212.612527,27.82271074,5.604969455,32.11851914,218.6796806,261.1218239,213.1957779,27.78605254,5.596221303,32.03391943,-26.54905464,-3.599409067,30.1484751,26.500219,3.584601829,-30.08480203,218.2738763,260.7831777,212.4968038,2.563531056,2.622534781,4.051005,218.5459878,261.0228714,213.0550488,2.704427928,2.629726532,3.920289311,0,-116.2547879,131.8804455,-2.899552436,-115.8337988,130.0328813,0.04688436613,-116.2343471,131.9526157,2.626820895,-116.7885465,133.5724461,49.98815268,49.98815092,2370.135949,2368.389334,27.80151763,-70.45388578,4.5174356,1
566,56,72,32,1,1,0,1,1,1,1,1,1,1,0,1,221.7478436,255.9317762,216.3373116,54.62060299,22.54004235,52.98388096,216.5005355,261.2864807,214.944491,54.07407541,25.36484941,51.12660112,-36.01229779,0.3808411129,35.63143398,35.8109441,-0.4645277216,-35.34645006,220.1437156,255.6536019,215.0693192,13.12601556,10.87466547,14.65285454,216.038678,260.8823926,214.8720971,12.44777108,15.78046685,7.984828002,0,-114.6750497,134.0739501,-70.80839708,42.61209573,157.521862,0.843978402,-114.0413181,132.892794,85.63097863,-130.0235375,1.766616566,49.98478444,49.98513722,3031.188395,2927.674883,181.1995085,-14.06800405,5.0987023,1
567,56,72,32,1,1,0,1,1,1,1,1,1,1,1,0,215.3169288,259.8457925,216.931327,11.65376135,9.705453503,7.619593125,214.0589184,261.322075,217.5585834,10.84462318,11.50755673,3.573997651,8.607560139,-7.254989979,-1.352527198,-8.645777972,7.294783258,1.351037373,215.3067936,259.837441,216.9279536,5.549413586,1.075252069,7.311754368,213.9992072,261.2697946,217.5516867,3.438148488,6.197863829,2.855799602,0,-113.9636193,132.8677232,-37.24150939,36.2763794,153.030751,0.1382638691,-113.728702,132.5094209,77.2663913,-118.8688193,69.3948068,49.98923112,49.989198,2154.454194,2158.048398,7.238912688,-82.35064137,5.382453,1
568,56,72,32,1,1,1,0,1,1,1,1,1,1,1,1,217.0770213,259.327018,215.7482523,7.368844501,3.681365517,7.091737585,216.5964967,259.018895,217.6653888,4.607635395,5.306104627,8.599737117,4.541128649,1.366485945,-5.907572277,-4.494778999,-1.364531708,5.859352001,217.0592786,259.3272871,215.7413245,5.754966097,3.210055741,3.752979067,216.589515,259.0205094,217.6661167,0.6880688721,4.992021276,6.191430422,0,-114.5463291,132.8973238,4.427556977,177.6090619,179.8289714,-0.2645760943,-114.2362197,132.8807677,-137.8672725,-77.92468986,106.4577357,49.98933356,49.98932454,2136.539826,2131.782243,6.19638335,-92.97800172,4.7043498,1
569,56,72,32,1,1,1,0,1,1,0,1,1,1,1,1,217.3836227,259.1362695,215.7083907,8.446135679,3.69941931,8.064785084,216.8293045,258.8366815,217.6674726,6.030835987,5.456398153,9.396825485,5.546319177,1.180722577,-6.726960409,-5.490629064,-1.177355581,6.668069177,217.3569101,259.1361197,215.6967158,5.903621995,3.253656637,3.876442401,216.8210402,258.8379115,217.6676617,0.7645191327,5.166635775,6.254352312,0,-114.572506,132.9673039,3.612963791,174.5334056,-178.6073148,-0.2713399958,-114.2457371,132.93799,-149.3554412,-77.98073201,105.1829409,49.98930424,49.98930595,2142.335052,2136.1235,5.853103733,-94.84278978,4.7538976,1
570,56,72,32,1,1,1,0,1,1,1,0,1,1,1,1,218.6214304,256.4779382,217.6103278,23.24762064,48.94210161,51.02306118,214.3988648,257.92488,222.5170805,20.16508493,49.92514504,51.08896849,-0.1355572321,33.54492767,-33.40936928,0.1779166418,-33.65193473,33.47402254,218.1686471,256.4094485,217.3518632,15.05963414,8.654668045,12.61181822,214.0724861,256.7779705,221.3179838,9.960397887,12.51185793,11.89589679,0,-113.5067107,134.2299829,-10.61693151,118.8268657,-160.3225673,-0.7873119821,-112.484566,133.3424866,164.0641239,-80.13725441,58.64286014,49.98561822,49.98522853,2843.768851,2937.220209,72.71650484,59.12506368,4.536367,1
571,56,72,32,1,1,1,0,1,1,1,1,0,1,1,1,218.4111027,260.8908536,212.6259917,27.71046858,5.611372688,32.00226966,218.6634827,261.122129,213.2052327,27.67054891,5.600050051,31.91678467,26.44571594,3.595495751,-30.04118396,-26.39707843,-3.581040154,29.97814285,218.2642716,260.7893776,212.5108067,2.582276494,2.625286652,4.055650049,218.5305166,261.0218912,213.0633105,2.685260592,2.626923337,3.915531824,0,-116.2494354,131.8804517,-2.845807375,-116.0145508,130.1677806,0.04632165137,-116.2291828,131.952772,2.613755227,-116.5984759,133.4373587,49.98815461,49.98816661,2370.394335,2365.810352,27.44587498,-70.12393774,3.9516807,1
572,56,72,32,1,1,1,0,1,1,1,1,1,0,1,1,314.5865832,294.3200886,326.2059812,18.90418063,10.24873434,18.14802596,316.1200377,298.2029926,328.2415507,18.33018645,12.44220809,16.08725866,16.49286543,-1.989424279,-14.50410174,-13.33892371,5.583611954,7.754785144,256.8316313,199.8813476,253.1454898,5.695880887,3.844428711,6.31776499,260.4817807,202.2306361,257.4322341,10.51353905,6.681599215,12.02259688,0,-96.90849462,155.610229,123.8077543,18.86369543,-107.907618,0.1758317121,-96.8392173,155.6650606,-26.73396627,-128.1225861,124.0926301,49.97674608,49.98152714,4240.949185,4131.085853,428.9223441,-529.2188578,4.2074334,1
573,56,72,32,1,1,1,0,1,1,1,1,1,1,0,1,215.4222371,259.8500016,216.8614976,12.61825315,10.96750987,7.709331268,214.1672833,261.3871269,217.4564108,11.90307687,12.620958,3.509439092,-9.032559384,7.726540862,1.306146303,9.075412802,-7.769397519,-1.305886241,215.4096603,259.8381331,216.8565237,5.564604777,1.175013871,7.415540554,214.0897486,261.3168596,217.4470488,3.535148654,6.258074291,2.80090431,0,-114.0086043,132.8594446,-38.2615907,32.78672482,152.6774718,0.1478007064,-113.7776372,132.4915462,76.77588753,-119.8767004,67.32072693,49.98917782,49.98917846,2166.838587,2161.686232,7.080499343,-82.81640755,4.2323488,1
574,56,72,32,1,1,1,0,1,1,1,1,1,1,1,0,220.6374491,256.7712118,216.0361273,47.47259154,19.13937246,46.06746985,216.4046374,261.3812759,215.4961358,46.97914038,22.05565663,44.42316739,31.78337496,-0.4140283553,-31.37016505,-31.60221624,0.4857532679,31.11569642,219.3901999,256.5475475,215.0390686,11.01051043,9.242495358,12.54955957,216.0586276,261.0856158,215.4400155,10.35148637,14.22276058,6.425850104,0,-114.7067485,133.7732972,-68.77061999,44.70612798,159.790893,0.6800939247,-114.1075764,132.785778,82.97601491,-127.8328574,13.85143762,49.98566147,49.98655195,2821.100194,2610.532667,143.5281762,-72.7586155,4.0298338,1
575,56,72,32,1,1,1,1,0,1,1,1,1,1,1,1,213.6248513,260.7449626,217.5051716,7.527535714,8.204355269,3.774798835,215.3745448,259.8195702,217.9586885,8.691282725,5.497245389,7.305985226,6.795282913,-5.331564724,-1.463676913,-6.757591721,5.291882314,1.465750309,213.6082828,260.7336287,217.5042377,3.022363119,6.131571599,3.221753735,215.3699999,259.81936,217.9589391,5.340999092,0.9635385987,7.037334838,0,-113.6553647,132.5310265,76.46427445,-117.5696921,73.83330224,-0.03715097961,-113.8524304,133.0102154,-33.45976484,41.53256514,155.5870802,49.98929801,49.98929023,2143.37359,2138.825822,14.62198004,-85.75909521,3.8615867,1
576,56,72,32,1,1,1,1,0,1,0,1,1,1,1,1,213.6184972,260.7465974,217.5738419,8.466803104,9.063364977,3.498414655,215.3485935,259.6802995,218.1558752,9.346718643,6.632736777,7.48688917,7.438751847,-6.134160348,-1.304539604,-7.396945864,6.093473903,1.303522421,213.5972311,260.7309554,217.5726458,3.319998109,6.256858483,2.962480795,215.3429983,259.6797478,218.1554316,5.229908802,1.249305026,7.254536926,0,-113.622782,132.5476912,72.38228507,-121.0584701,70.49909866,-0.07614274054,-113.7993337,133.0399066,-37.33701771,26.79040139,153.7283779,49.98921905,49.98932687,2155.889213,2133.417584,15.55099473,-86.32710991,3.8781685,1
577,56,72,32,1,1,1,1,0,1,1,0,1,1,1,1,214.6811272,259.4885637,218.0979803,5.725577471,12.81651311,11.6354257,215.2440638,258.3272989,219.9721195,3.192923131,12.29565849,13.70215656,-0.6666098793,8.754563663,-8.088902626,0.6630802562,-8.808940873,8.144887995,214.6618977,259.4759052,218.0725232,5.561692397,5.182664692,1.394622168,215.2181746,258.2495455,219.8764136,2.889685591,3.554163407,7.25340996,0,-113.312221,133.1529339,30.740859,-153.3176144,177.2528826,-0.3644928255,-113.1731744,133.4094982,-82.05736175,-43.79370278,125.4413032,49.98906004,49.98919364,2193.383782,2157.061998,0.4352488804,-75.322779,3.9810441,1
578,56,72,32,1,1,1,1,0,1,1,1,0,1,1,1,216.0174809,261.103738,214.4650484,56.9297147,26.96989936,53.78551213,221.9586668,255.8471348,217.3757512,57.28132314,24.14233129,55.41678775,37.73511109,-0.6131732557,-37.12196654,-37.80963057,0.5505483408,37.25906704,215.5507598,260.6175022,214.3891716,12.91808747,16.46294649,8.511977184,220.3165584,255.5266355,215.8780236,13.46067824,11.57108626,15.15031779,0,-115.0831414,131.9729779,84.09931289,-132.1291514,-0.2593693816,-0.8306254871,-115.6832364,133.3495729,-73.09993024,40.44364423,156.7521869,49.98466233,49.9843141,3027.848207,3119.905948,101.6669408,107.9678632,3.9152226,1
579,56,72,32,1,1,1,1,0,1,1,1,1,0,1,1,213.8651376,261.1869912,216.8751403,11.53382946,12.1898857,3.625709575,215.5843928,260.1358382,217.4563953,12.22609855,10.51933894,7.578584794,8.972363109,-7.616397059,-1.355803378,-8.907430002,7.560426093,1.347172595,213.7942637,261.1208499,216.8670619,3.23495731,6.129978481,2.94738585,215.5724101,260.1239209,217.4522767,5.330177627,1.089842479,7.283426292,0,-113.9977102,132.2970868,74.72788112,-120.6393412,69.23786348,-0.06218166857,-114.1736395,132.7955472,-35.93221421,26.35143974,153.481994,49.9891884,49.98919165,2164.744707,2159.570665,18.62919388,-90.06568307,4.016395,1
580,56,72,32,1,1,1,1,0,1,1,1,1,1,0,1,366.5712606,317.296053,232.4653679,18.47221533,19.13312606,10.36612919,367.5605693,320.2480471,237.2171033,16.3822011,19.68700276,12.78276605,15.21877338,-16.84673263,1.628169718,-9.31357255,15.4913091,-6.177489027,255.2192795,279.6579811,162.1837958,6.894332359,7.149041299,4.294922628,259.3952688,283.7360791,164.939894,11.58998286,11.07518912,7.601544868,0,-139.403638,123.1194295,124.704402,-20.22075145,-144.7578724,0.1690277898,-139.3390612,123.1107551,-29.25576612,-173.7085445,88.67871773,49.97871029,49.98345025,3808.951829,3769.013596,270.9407024,-740.9956616,3.7762017,1
581,56,72,32,1,1,1,1,0,1,1,1,1,1,1,0,210.1477694,262.8233205,218.5402791,32.41331002,27.58533166,6.751972613,210.3813123,263.0455138,219.1731783,32.36253216,27.57603104,6.731742327,30.51868873,-26.08310525,-4.435580164,-30.47861915,26.05881893,4.419805259,210.0276509,262.6981699,218.4352796,2.589007049,2.561394453,4.099714367,210.2565219,262.9272115,219.0642559,2.478624328,2.73187791,4.091180218,0,-113.1235939,131.9353782,-2.512296945,-115.0934984,131.9841463,0.03681392774,-113.0909815,132.0034656,2.488102393,-111.3779437,131.6727583,49.98805785,49.98804107,2387.782794,2389.843173,54.74081902,-44.01461362,3.8509703,1
582,56,72,32,1,1,1,1,1,0,1,1,1,1,1,1,213.6278522,260.7493107,217.5051576,7.550347104,8.23219797,3.778659927,215.3737681,259.8193378,217.9577962,8.702552288,5.527793469,7.307027006,-6.815668652,5.353264423,1.462436318,6.777870106,-5.313867083,-1.463971002,213.6112424,260.7378333,217.5043071,3.027291595,6.14351148,3.225522023,215.3692329,259.8190997,217.9580332,5.330172359,0.9790119879,7.038053061,0,-113.6565952,132.5303056,76.21155296,-117.6845707,73.80986418,-0.03776355646,-113.8532615,133.0096374,-33.55812525,41.11231838,155.6182384,49.98929063,49.98929683,2143.828722,2138.554148,14.30965525,-85.44309053,3.8843565,1
583,56,72,32,1,1,1,1,1,0,0,1,1,1,1,1,215.1396999,258.9548169,218.1152089,5.352556855,9.255498492,7.322192142,215.793945,257.8853206,220.0079957,3.173274341,8.704046611,10.3664717,0.7961322612,-7.246957493,6.450932718,-0.7895160902,7.283042122,-6.493417075,215.1332553,258.9529248,218.113582,5.200061894,4.754938085,1.367613823,215.7877735,257.8622109,219.9845615,2.910169621,3.493747092,7.424039725,0,-113.2744455,133.3252373,32.32721392,-154.0573263,-174.890388,-0.3344524872,-113.1295309,133.5890226,-74.09586784,-50.59537822,124.9863093,49.98928477,49.98920213,2149.597246,2158.32992,11.80253417,-89.9398176,3.9526164,1
584,56,72,32,1,1,1,1,1,0,1,0,1,1,1,1,213.8344616,263.9012514,214.7578687,51.04422766,52.26022109,19.38346796,213.1561455,259.5825328,220.6238786,50.05528525,51.93475809,23.83223683,-34.73897759,34.12538087,0.6139718287,34.53730656,-34.00349994,-0.5333839435,212.4284115,262.7612392,214.5291675,12.15781767,12.38107264,8.969500672,213.0483817,259.2573976,220.2530903,8.700673202,12.14999874,16.37096583,0,-114.8245247,131.2805324,37.39820058,170.2060086,-81.48022812,-1.150333796,-114.0494506,131.9046433,-121.3654181,-34.52812655,114.12695,49.98455524,49.98614079,3050.820174,2664.116345,184.2050458,-47.60163066,4.6124153,1
585,56,72,32,1,1,1,1,1,0,1,1,0,1,1,1,213.7142725,261.1019618,217.010451,10.13543635,10.72687783,3.677239757,215.4550273,260.1140063,217.5496541,10.96957998,8.819585277,7.48052615,-8.408894091,7.034682737,1.374274396,8.351312533,-6.983751677,-1.367495585,213.6662251,261.0597385,217.0059618,3.150989878,6.097021333,3.027645406,215.4465375,260.1079212,217.5476463,5.354675783,0.9936566862,7.187941116,0,-113.9143088,132.3350627,75.81947551,-119.3103054,71.02900918,-0.05116982294,-114.0981073,132.8260489,-34.87547754,31.81273603,154.0539781,49.98922277,49.98924624,2157.073732,2147.847297,18.16554663,-88.75503343,4.3001729,1
586,56,72,32,1,1,1,1,1,0,1,1,1,0,1,1,216.0474097,261.2594545,214.7596284,53.27137876,25.37534686,50.21040958,221.3887348,256.3536509,217.1685097,53.58551534,22.49934159,51.73946072,-35.64020191,0.7339953298,34.9058894,35.71197941,-0.6760368531,-35.03628369,215.6380568,260.8367814,214.6899346,11.83413306,15.79476708,7.576572106,219.934679,256.065034,215.8318365,12.27513049,10.8715043,13.94920428,0,-115.031869,131.998461,81.90491837,-131.2290935,5.794882697,-0.7555157388,-115.6141906,133.2640436,-73.08115203,41.24191756,158.1823086,49.98546842,49.9848498,2831.647374,2989.438234,58.40090212,87.22875203,4.1484397,1
587,56,72,32,1,1,1,1,1,0,1,1,1,1,0,1,210.1504688,262.8434771,218.5386438,32.47430829,27.64442521,6.753711697,210.3719118,263.0441098,219.1734775,32.41575018,27.63030667,6.732473053,-30.56766125,26.13197084,4.435686439,30.52741238,-26.10753574,-4.419881353,210.0297478,262.7170627,218.4330135,2.63813272,2.586944818,4.100526416,210.2460645,262.9256032,219.0634167,2.429096865,2.710014991,4.090307523,0,-113.1284843,131.9300154,-2.375013723,-116.0309885,131.9790646,0.0316409339,-113.0948198,131.9977443,2.436077978,-110.459643,131.6667508,49.98804089,49.98806623,2392.91752,2384.962061,55.09475319,-44.28879174,3.8818476,1
588,56,72,32,1,1,1,1,1,0,1,1,1,1,1,0,366.9913397,317.2414659,233.0126757,19.12564191,20.30372061,12.24038337,367.8817638,320.1975662,237.6567456,17.0302948,20.92373614,14.23590337,-15.45919905,17.225213,-1.763445194,9.554258069,-15.87123305,6.319915521,255.6813837,279.5022015,162.4849209,6.855455798,7.413449877,4.748802637,259.8454426,283.5784664,165.1980142,11.5651811,11.46717056,7.852036165,0,-139.3419208,123.2589027,124.7164375,-17.31293647,-145.1816673,0.1755084937,-139.2803515,123.2507368,-29.13677633,-172.5802947,86.00428368,49.97989754,49.98210494,3709.610217,3883.172491,264.5076868,-733.1729534,4.3812359,1
